x,z,v,T
0.9325251415662908,0.23888890217874845,0.09592798168447951,0.5984742206837448
0.9323518706902219,0.23781679723203683,0.09677793692391869,0.5968090797287189
0.932170587533355,0.2367973318016772,0.0976252686747055,0.5952471290646256
0.9319822072954217,0.23582639359259125,0.0984694989073749,0.5937810140443104
0.9317875250695107,0.23490032603268038,0.09931023321979428,0.592404144320394
0.9315872459597377,0.23401583105447687,0.10014714205825023,0.5911105154634138
0.9313820058920002,0.23316990045037697,0.10097994746295871,0.5898945858388323
0.9311723520808538,0.23235986340514572,0.10180842673265734,0.5887514167457611
0.9309587703409614,0.2315833004387752,0.10263239769386998,0.5876765001957454
0.9307417017188103,0.23083798950568818,0.10345170937937759,0.5866656543421194
0.9305215301919584,0.23012193458244076,0.10426624426043171,0.5857151090508858
0.9302986237055328,0.22943324475195195,0.10507590078491572,0.5848212363066355
0.9300732794278358,0.2287702825544373,0.10588061186316294,0.5839809153384582
0.9298457824639832,0.22813149472163544,0.10668032155743974,0.583191143745366
0.9296163853855254,0.22751546542698534,0.10747499140139993,0.5824491736582558
0.929385321421408,0.22692087594665789,0.10826459459673494,0.5817524240394342
0.9291528009154193,0.2263465111110824,0.10904911635459694,0.5810985037513134
0.9289190007122649,0.2257912847542333,0.10982855658984804,0.580485281026098
0.928684091144673,0.22525416303309811,0.11060291996405455,0.5799107035878686
0.9284482253021713,0.2247341912385809,0.11137221902005223,0.579372868716658
0.9282115486475924,0.22423046554234363,0.11213647050406268,0.5788699585350585
0.9279741866723541,0.2237421639387074,0.11289569898067967,0.5784003203632954
0.9277362444992446,0.22326854473271474,0.11364993642262355,0.5779624678065155
0.9274978362324561,0.22280886682612455,0.1143992125433351,0.577554885991139
0.9272590548868179,0.22236246793207493,0.11514356414429612,0.5771762286103498
0.9270199906727856,0.22192871455963162,0.11588302906666045,0.5768251961923343
0.9267807133044182,0.22150704671363855,0.11661765143958511,0.5765006509629284
0.9265413021402374,0.22109689802864593,0.11734747222892089,0.576201417954518
0.926301826376326,0.22069774634189948,0.11807253523588145,0.5759264139012493
0.9260623401958409,0.22030912462028324,0.1187928883457898,0.5756746775000662
0.9258229009473099,0.21993057317813713,0.11950857794974674,0.5754452496121424
0.9255835561143719,0.21956167207987048,0.12021965275965307,0.5752372572130737
0.9253443617015249,0.21920199376585875,0.1209261583306392,0.5750497929788918
0.9251053482392948,0.2188511878143013,0.12162814693967347,0.574882134903108
0.9248665659466736,0.21850886669197125,0.12232566435889212,0.5747334525988506
0.9246280403443005,0.21817471605468738,0.12301876268936655,0.5746030937273409
0.9243898111534276,0.2178483971853335,0.12370748910129983,0.5744903317863165
0.9241519000353778,0.21752962621922395,0.12439189505274774,0.5743945733496171
0.9239143430069131,0.21721809384572804,0.1250720270443761,0.5743151487526271
0.9236771629246336,0.21691353229898708,0.12574793441118093,0.5742514883164596
0.923440378428339,0.21661569262737249,0.12641966675535818,0.574203063887641
0.9232040131073619,0.21632432219317407,0.12708727137621367,0.5741693297103084
0.9229680821005418,0.21603919648483946,0.12775079701518874,0.5741498073566627
0.9227326084854659,0.21576007955168713,0.12841028929501674,0.5741439808503942
0.9224976064611351,0.21548676371978853,0.1290657953961305,0.5741514030449213
0.9222630897772868,0.21521904905296965,0.12971736171256099,0.5741716414223988
0.9220290697232465,0.21495674773095116,0.13036503441506603,0.5742042903004841
0.9217955573879226,0.21469967842940518,0.1310088588339932,0.5742489560799261
0.9215625678985812,0.2144476563189825,0.13164887831853866,0.5743052302423192
0.9213301061242233,0.2142005257934934,0.13228513814970078,0.5743727787389417
0.9210981844754061,0.2139581191294978,0.13291768069196144,0.5744512297902569
0.920866809772636,0.2137202864662515,0.1335465489857388,0.5745402558953105
0.920635988498308,0.2134868834367295,0.13417178533456925,0.5746395404124165
0.920405727305238,0.21325776985923756,0.13479343116632683,0.5747487741854637
0.9201760307327874,0.21303281462707077,0.13541152768335019,0.5748676692866337
0.9199469051840298,0.21281188663555306,0.13602611478573792,0.5749959341075663
0.919718350263468,0.21259487379737907,0.13663723344459336,0.575133326547938
0.91949037747605,0.21238164157042674,0.13724492062473248,0.5752795383482175
0.919262984647166,0.21217208919108108,0.13784921626863295,0.5754343525729253
0.9190361728721502,0.21196611205297555,0.1384501586908805,0.5755975386823334
0.918809949746999,0.21176359480225276,0.13904778371570561,0.575768832797232
0.9185843147057494,0.21156444302205155,0.13964212867714348,0.5759480273159606
0.9183592707928021,0.2113685575253981,0.14023322924317502,0.5761348984777895
0.918134815921085,0.21117585302349182,0.1408211217954489,0.5763292595604517
0.917910949893959,0.21098624288333467,0.1414058415491958,0.576530917745403
0.917687678852288,0.21079962986808026,0.14198742131140094,0.5767396472435449
0.9174649992283179,0.21061593979352478,0.14256589593238103,0.576955286237428
0.9172429133026221,0.21043508868503744,0.1431412980171391,0.5771776424929747
0.9170214161860402,0.2102570098059433,0.14371366156059862,0.5774065717475824
0.9168005142331407,0.21008161548111062,0.1442830168261574,0.5776418667628934
0.9165802003572842,0.20990884792861417,0.1448493972369142,0.5778834054681216
0.9163604751186325,0.20973863569983728,0.14541283351707754,0.5781310241728376
0.916141340708022,0.2095709061554436,0.14597335536807868,0.5783845536870337
0.915922791787022,0.20940560385126045,0.14653099406096137,0.5786438737491839
0.9157048299159,0.20924266129984118,0.1470857783839913,0.5789088268795504
0.9154874540934421,0.20908201802284898,0.14763773732532143,0.5791792746433824
0.9152706593384752,0.20892362315580532,0.14818690049835487,0.5794551057346963
0.9150544450830116,0.20876741872194102,0.14873329575873337,0.5797361862063761
0.914838808628717,0.20861335256966798,0.1492769510821277,0.5800223980782118
0.9146237514856023,0.20846136591957012,0.14981789274339505,0.5803136019366792
0.9144092687394895,0.20831141402300715,0.1503561484100341,0.5806096992877745
0.914195360515167,0.20816344380989632,0.15089174382216078,0.5809105651550647
0.9139820207358339,0.20801741551253045,0.15142470609636233,0.5812161137638745
0.9137692481647864,0.20787328137964173,0.15195506049540922,0.5815262338923753
0.9135570441341238,0.2077309902041868,0.15248283105968916,0.5818408022815589
0.9133454027526627,0.20759050568086335,0.1530080435801998,0.582159740322128
0.9131343213782154,0.20745178652743557,0.15353072247453622,0.5824829530690453
0.9129237991458732,0.20731478936850536,0.15405089120166093,0.5828103379388847
0.9127138319957064,0.20717947788568805,0.15456857380945685,0.5831418131742326
0.9125044181187338,0.2070458126919856,0.15508379326838914,0.5834772864537549
0.9122955543665021,0.2069137579163596,0.15559657258979367,0.5838166754580522
0.9120872393231466,0.20678327557367676,0.15610693387023067,0.58415989017012
0.9118794710269285,0.2066543296890482,0.15661489901561912,0.5845068459190119
0.9116722430233285,0.20652689332204935,0.15712049098517475,0.5848574857978515
0.9114655555909337,0.20640092832658233,0.15762373028708135,0.5852117164534534
0.9112594035330495,0.2062764072499893,0.15812463882287098,0.585569477700735
0.9110537869047074,0.20615329421125617,0.1586232364732238,0.5859306815168912
0.9108487027697372,0.2060315594769092,0.15911954376179974,0.5862952587006509
0.9106441452622598,0.20591117922870186,0.15961358184187585,0.5866631584404692
0.9104401131630124,0.20579212229227534,0.16010537005442332,0.5870343053444598
0.9102366051005775,0.20567435857317548,0.1605949274790971,0.5874086266906848
0.9100336170063953,0.20555786339694643,0.16108227377271306,0.587786066639874
0.9098311465936729,0.2054426097066987,0.1615674277307276,0.5881665608818525
0.9096291898909181,0.20532857403376364,0.16205040840980367,0.5885500561737004
0.9094277449911795,0.20521573005012067,0.16253123391202562,0.5889364891821176
0.9092268090402453,0.2051040537292202,0.1630099223624363,0.5893258034565282
0.9090263792103311,0.2049935216127694,0.16348649162234868,0.5897179437750264
0.9088264531544551,0.20488411006561472,0.16396095912385342,0.5901128536732716
0.908627028311347,0.20477579643510946,0.1644333421024837,0.5905104792866083
0.9084280998807241,0.20466856229177707,0.1649036583351742,0.5909107804433823
0.9082296658899727,0.20456238510520441,0.16537192437533585,0.5913137026114349
0.9080317258245312,0.20445724061886464,0.16583815597966597,0.5917191845140481
0.907834273665659,0.20435311393228464,0.16630237066566203,0.5921271964208344
0.9076373091703946,0.2042499814192269,0.16676458361797036,0.5925376780445184
0.9074408279110326,0.2041478266353665,0.1672248113125507,0.5929505932596744
0.90724482756941,0.2040466302322971,0.1676830692526969,0.5933658954471679
0.9070493072223317,0.2039463712041305,0.16813937218176409,0.5937835315327005
0.906854261543961,0.20384703587488304,0.1685937362710438,0.5942034735703109
0.9066596902192111,0.20374860321291438,0.1690461756106584,0.5946256673149241
0.9064655892187239,0.20365105837716962,0.1694967054824939,0.5950500797755282
0.9062719558034471,0.20355438496403921,0.16994534046870238,0.5954766719808707
0.9060787872089457,0.20345856698080705,0.17039209498688718,0.5959054059660336
0.905886082522763,0.2033635860910566,0.1708369825131924,0.5963362348457542
0.9056938386954951,0.20326942757008373,0.17128001717105895,0.596769124145158
0.9055020513851025,0.20317607896987794,0.17172121341461893,0.5972040472507477
0.9053107204856224,0.20308352191758333,0.17216058383814264,0.5976409556372654
0.9051198412833197,0.20299174522932178,0.1725981426817614,0.5980798263921878
0.9049294139055856,0.2029007309761657,0.17303390205652164,0.5985206115622737
0.9047394332467714,0.20281046916421316,0.17346787604679131,0.5989632919136616
0.9045498979413913,0.20272094472464872,0.17390007702075017,0.5994078290854518
0.9043608043206164,0.2026321461968956,0.1743305181482411,0.5998541977347004
0.9041721533998277,0.2025440558187292,0.1747592104480542,0.6003023484465505
0.9039839396439289,0.20245666539898932,0.17518616754976427,0.6007522673017184
0.9037961604591886,0.20236996283696354,0.17561140170317122,0.6012039254588828
0.9036088171498344,0.20228393099224948,0.17603492327467746,0.6016572742921644
0.9034219022454727,0.20219856507959735,0.17645674633276534,0.6021123120764758
0.9032354187343622,0.20211384625774695,0.17687688018575187,0.6025689827437318
0.9030493605851003,0.2020297682618241,0.17729533799266378,0.6030272782899155
0.9028637260020839,0.20194631931750676,0.177712130884567,0.6034871691235976
0.9026785142511298,0.20186348649912084,0.1781272693710434,0.603948620710715
0.9024937201718638,0.20178126302518976,0.17854076583524153,0.6044116223094889
0.9023093461004509,0.20169963244232894,0.1789526290859286,0.6048761246409736
0.9021253881597365,0.20161858678016795,0.17936287063464001,0.6053421114778857
0.9019418418714967,0.2015381189714722,0.17977150219949128,0.6058095701668049
0.9017587068407494,0.20145821693120722,0.18017853341311682,0.6062784675017145
0.9015759803147924,0.2013788717991764,0.18058397492600858,0.6067487830172553
0.9013936624161876,0.20130007131498703,0.18098783585774333,0.6072204819259199
0.9012117470681404,0.20122181124376606,0.18139012821724762,0.6076935620041747
0.901030236643996,0.20114407693222602,0.18179085977933646,0.6081679779415221
0.9008491263077683,0.20106686298159532,0.1821900417091891,0.6086437221337231
0.9006684146962184,0.20099015981234775,0.18258768337869632,0.6091207695166913
0.9004880984784005,0.20091396045469634,0.18298379502546397,0.609599105656547
0.9003081778820233,0.200838253815921,0.18337838496460154,0.6100786983442107
0.9001286509975626,0.20076303159703737,0.1837714624799534,0.6105595268232561
0.8999495138654758,0.2006882881112108,0.1841630378079007,0.6110415812289041
0.8997707675816288,0.2006140118440169,0.18455311845495687,0.6115248263927036
0.899592406332247,0.2005401995810915,0.1849417154469599,0.6120092627237437
0.8994144318942512,0.20046683940017088,0.18532883569607375,0.6124948524527646
0.8992368394770629,0.20039392716049687,0.18571448951311192,0.6129815916470771
0.8990596297116888,0.20032145264465662,0.186098684193749,0.6134694492505309
0.8987063480573662,0.20017779116247256,0.18686273162389724,0.6144484613622201
0.8985302707855597,0.2001065920584519,0.18724260210974927,0.6149395893314463
0.8983545697638335,0.2000358016263609,0.18762104646189698,0.6154317607695071
0.8981792407340331,0.1999654158899604,0.18799807419243844,0.6159249711929018
0.898004282739122,0.19989542736183458,0.18837369287816852,0.6164191999487308
0.8978296926259274,0.19982583107057636,0.1887479112577713,0.6169144377239841
0.8976554710982156,0.19975661804170647,0.18912073576039026,0.6174106562734489
0.897481616107834,0.19968778240370258,0.18949217430360882,0.6179078414728381
0.897308126879243,0.19961931708240893,0.18986223396674035,0.6184059732070061
0.897134996835846,0.19955122107040113,0.190230925250936,0.6189050603843123
0.8969622298710743,0.19948348271788124,0.1905982522727102,0.6194050604571124
0.8967898218628981,0.19941609872730878,0.19096422389631496,0.6199059707654296
0.896617772896595,0.19934906164454042,0.19132884634661462,0.6204077682584592
0.8964460792661689,0.19928236791795856,0.19169212811216604,0.6209104488581819
0.8962747419884799,0.199216009427996,0.19205407466549615,0.6214139855228533
0.8961037550320629,0.1991499850336828,0.19241469585930648,0.6219183861087311
0.8959331235510786,0.19908428291319177,0.19277399433075093,0.6224236039667324
0.8957628403374227,0.19901890319729024,0.19313198058295464,0.6229296532263449
0.8955929065415776,0.19895383815001236,0.1934886596533031,0.6234365073902294
0.8954233188299878,0.19888908434522648,0.1938440394412353,0.6239441621675496
0.8952540769707896,0.19882463555009683,0.1941981257476728,0.6244525983604816
0.895085182150388,0.19876048443620778,0.19455092328729343,0.624961790266228
0.8949166285469088,0.19869663005793697,0.19490244146994085,0.6254717463530473
0.8947484182153711,0.19863306449152907,0.19525268429056414,0.6259824372069394
0.894580547796767,0.1985697847306193,0.19560165937357796,0.6264938598556045
0.8944130146393755,0.19850678714866105,0.19594937384899683,0.6270060080830181
0.89424582100715,0.19844406403071937,0.19629583129251835,0.6275188522589497
0.8940789623132145,0.198381613573115,0.1966410400769193,0.6280323959933002
0.8939124395328029,0.19831942939753716,0.1969850045166026,0.6285466164011906
0.8937462524225259,0.19825750621063082,0.19732772976239546,0.6290614966412424
0.8935803956603003,0.19819584296933102,0.19766922459248037,0.6295770444026245
0.893414869396842,0.1981344341788543,0.19800949377248936,0.630093241381626
0.8932496747656594,0.19807327375436368,0.19834854119586218,0.6306100649184497
0.8930848092592244,0.1980123585259913,0.19868637345683854,0.6311275098874402
0.8929202702873236,0.19795168544695857,0.19902299716033642,0.6316455716223336
0.8927560594608515,0.19789124832301028,0.19935841564736087,0.6321642259015025
0.8925921732019702,0.19783104499359877,0.19969263617695154,0.6326834732021968
0.892428608385554,0.1977710729011529,0.2000256656956395,0.6332033119580999
0.8922653687301179,0.1977113246001142,0.2003575056636837,0.6337237086300398
0.8921024500829102,0.19765179845581735,0.20068816370584386,0.6342446669047229
0.8919398522876003,0.19759248999926743,0.20101764422772173,0.6347661718683545
0.8917775751139286,0.19753339490171298,0.20134595162878155,0.6352882091562322
0.8916156141652845,0.19747451174990074,0.20167309367991865,0.6358107840015752
0.8914539746482739,0.19741583270531307,0.201999070148354,0.6363338570958319
0.891292647351476,0.19735735960055967,0.20232389279197585,0.6368574564060872
0.8911316339718253,0.197299087028884,0.20264756423285268,0.6373815592527462
0.8909709402100547,0.1972410072461742,0.2029700835030537,0.6379061247006336
0.8908105557226282,0.19718312273260552,0.20329146337169804,0.6384311862749057
0.8906504836878723,0.19712542742601738,0.20361170496973863,0.6389567150066076
0.8904907190325008,0.19706792044561444,0.2039308165443665,0.6394827202680329
0.8903312683728608,0.19701059393331474,0.20424879597777607,0.6400091577080307
0.8901721269283159,0.19695344692957328,0.20456565118188322,0.6405360355607116
0.890013297413091,0.1968964741940203,0.20488138326778235,0.6410633279669811
0.8898547669135666,0.1968396791729563,0.2051960077040849,0.6415910804643683
0.8896965527998661,0.19678304875157482,0.20550951191611522,0.6421192006045678
0.8895386316821664,0.196726591833376,0.20582192128283,0.6426477817367772
0.8893810149297386,0.19667029871078795,0.2061332286840635,0.6431767590881644
0.8892237154883064,0.19661415953019123,0.20644342496538187,0.6437060613470842
0.8890667255348218,0.19655817514993001,0.2067525207099784,0.6442357115308903
0.8889100201498222,0.1965023542191403,0.20706054357667902,0.6447658095810529
0.8887540259407009,0.1964464976358511,0.20736707158440384,0.6452944264202951
0.8885975431393978,0.19639115135424615,0.20767330500724837,0.6458269389097592
0.8884416882733837,0.19633579979000168,0.20797813404966653,0.6463583187711832
0.888286190071595,0.19628056608133135,0.20828183073067,0.6468897742170752
0.8881309909303475,0.1962254727604562,0.20858445620630173,0.6474215515304353
0.8879760703406061,0.19617052493157594,0.20888603500178365,0.6479537301547345
0.8878214551802284,0.1961157086567618,0.20918654213728213,0.6484861788600438
0.8876671378659066,0.19606102413670104,0.20948598838596807,0.6490189199915826
0.8875131122806978,0.19600647077770506,0.2097843831615261,0.6495519693286604
0.8873593803382142,0.195952044935943,0.21008172733801084,0.6500853070913145
0.8872059375510939,0.19589774528329842,0.21037802869595043,0.6506189419538931
0.887052787507109,0.195843567751886,0.2106732861433353,0.6511528470339477
0.8868999334141626,0.19578950874089487,0.21096749870316442,0.6516869975821413
0.8867473655265473,0.19573556848010001,0.2112606801351153,0.6522214253468092
0.8865950856117095,0.19568174370106056,0.21155283118351673,0.6527561119255825
0.8864430997575111,0.19562803012834892,0.2118439474353455,0.6532910203180792
0.8862913992595765,0.1955744275457566,0.21213404158694882,0.6538261778970441
0.886139986182978,0.19552093281893523,0.2124231138437186,0.654361565337227
0.885988860010759,0.19546754354966625,0.2127111673723539,0.6548971746197377
0.8858380201254623,0.1954142574321731,0.21299820539535796,0.6554329982876922
0.8856874650383846,0.19536107230888444,0.213284232227013,0.6559690327225409
0.8855371952303608,0.19530798567993493,0.21356924972042743,0.6565052658864928
0.8853872113181227,0.19525499514075892,0.21385325944680636,0.6570416853941281
0.8852375102091515,0.19520209883583,0.21413626770338826,0.6575782945850532
0.8850880903698846,0.19514929470758052,0.21441827877442488,0.6581150903897215
0.8849389544044287,0.19509658011629222,0.214699291642098,0.6586520521928
0.88479010100154,0.1950439530476329,0.21497931023403563,0.6591891761141594
0.8846415274799662,0.1949914115836089,0.2152583403263711,0.6597264640677057
0.8844932343008456,0.1949389534809897,0.21553638355652804,0.6602639048009741
0.8843452204637907,0.1948865766802748,0.21581344345620007,0.6608014933333999
0.8841974876879721,0.19483427898716152,0.21608951983075117,0.6613392133343758
0.8840500321415182,0.19478205850853408,0.21636462006643659,0.6618770717486724
0.883902856385668,0.19472991313319524,0.21663874269209218,0.6624150490463203
0.8837559577035411,0.1946778409013787,0.21691189357824542,0.6629531475891554
0.8836093361700728,0.19462583982040477,0.2171840746657683,0.6634913582871305
0.8834629907038114,0.19457390789418558,0.21745528954114077,0.6640296768615693
0.8833169214425913,0.1945220431930579,0.21772553999344446,0.6645680941253109
0.883171128784648,0.1944702438711233,0.21799482735694273,0.6651065999418747
0.8830256099697296,0.19441850784724235,0.21826315769046423,0.6656451970426814
0.882880366312479,0.19436683337493882,0.2185305309265938,0.6661838717014281
0.8827353968994629,0.19431521857295458,0.21879695029951862,0.6667226193247824
0.8825907014540849,0.19426366161425915,0.21906241808304136,0.6672614327606172
0.8824462781722835,0.19421216045344172,0.2193269389463905,0.6678003110648921
0.882302128016816,0.19416071349542469,0.21959051316611827,0.6683392422786297
0.8821582502010193,0.1941093188933319,0.21985314376246665,0.6688782215038153
0.8820146438897738,0.1940579747869937,0.22011483383964445,0.6694172440785576
0.8818713088410433,0.19400667944196226,0.2203755855294244,0.6699563030524797
0.8817282453954399,0.1939554313147627,0.2206353999359825,0.6704953892861948
0.8815854515130016,0.19390422827278425,0.2208942821626617,0.6710345029994954
0.8814429281644867,0.1938530689042488,0.2211522322792576,0.6715736326174954
0.8813006737310457,0.19380195118420718,0.221409254682091,0.6721127768180897
0.8811586892334674,0.1937508739060352,0.22166534915415712,0.6726519241619073
0.8810169730098313,0.19369983494499649,0.2219205202586028,0.6731910733985516
0.8808755251550752,0.1936488328089828,0.2221747693953667,0.6737302167872246
0.8807343455849873,0.193597865975424,0.2224280982495977,0.6742693472324912
0.8805934330298989,0.19354693245434562,0.22268051069122133,0.6748084621827531
0.880452788464833,0.19349603121127554,0.22293200637818872,0.6753475507294069
0.8803124100168357,0.19344515995092817,0.22318259036741375,0.6758866126068245
0.8801722987178301,0.19339431776363467,0.2234322621001208,0.6764256368694753
0.8800324529883318,0.1933435024503831,0.2236810261174048,0.6769646222020671
0.8798928733000354,0.1932927128992619,0.2239288828731341,0.6775035598726724
0.8797535589638064,0.19324194732819716,0.224175835194387,0.6780424453252611
0.8796145096656688,0.19319120422298897,0.2244218850873382,0.6785812727696221
0.8794757254222171,0.19314048232073028,0.22466703381377684,0.6791200353150109
0.8793372050063154,0.19308977948756031,0.2249112853561215,0.6796587304781379
0.8791989493415309,0.1930390950704656,0.22515463901721916,0.680197348169372
0.8790609569651883,0.19298842678003475,0.22539709928996263,0.6807358868415135
0.8789232282499784,0.19293777363931797,0.22563866661493692,0.681274338477992
0.8787857627558727,0.19288713404865965,0.22587934327317388,0.6818126979455015
0.8786485602750311,0.19283650669206034,0.22611913090409907,0.6823509594556838
0.8785116201244543,0.19278588976665167,0.22635803236380583,0.6828891187150083
0.8783749423181432,0.19273528210170265,0.22659604881526357,0.6834271692087749
0.8782385265985332,0.19268468227807387,0.22683318208331013,0.683965105319757
0.87810237228883,0.1926340886075176,0.2270694348959825,0.6845029229918723
0.8779664797721161,0.1925835001863967,0.22730480758634183,0.6850406144459752
0.8778308482838687,0.19253291520392038,0.22753930314663623,0.6855781760252594
0.8776954777702314,0.1924823325012128,0.22777292282246558,0.6861156015008734
0.8775603679615184,0.1924317506895826,0.22800566842595418,0.686652885568212
0.8774255186126985,0.19238116842708589,0.22823754168222302,0.6871900228111527
0.8772909294859755,0.19233058436449907,0.22846854431474878,0.6877270078436368
0.8771566001370561,0.19227999696225134,0.22869867856197665,0.6882638359316018
0.8770225306274708,0.19222940523349502,0.22892794530746302,0.6888005008340822
0.876888720499371,0.19217880757271233,0.22915634688623582,0.6893369978731518
0.876755169509268,0.1921282026348163,0.22938388503120946,0.6898733217646155
0.8766218775997594,0.19207758936099187,0.22961056087938006,0.6904094667815804
0.8764888446511143,0.19202696663426752,0.22983637572205284,0.6909454274233279
0.8763560701598335,0.19197633267947417,0.23006133216404134,0.6914811990960372
0.8762235538978165,0.19192568628579715,0.2302854317672997,0.6920167767336078
0.8760912961163041,0.1918750269119812,0.23050867462154784,0.6925521539347764
0.8759592960108912,0.19182435222301686,0.23073106442608685,0.6930873268690185
0.8758275538084582,0.19177366175561833,0.2309526012160256,0.6936222894216845
0.8756960691927128,0.1917229540624897,0.2311732869566893,0.6941570366804848
0.8755648419820736,0.19167222786047616,0.23139312322950736,0.6946915633705112
0.8754338719344064,0.19162148200930537,0.23161211153786185,0.6952258647148453
0.8753031589691603,0.19157071534583855,0.23183025317717143,0.6957599351647794
0.8751727028383735,0.19151992654937672,0.23204754987400852,0.6962937697744502
0.8750425032543592,0.19146911412726011,0.23226400362088068,0.6968273635718749
0.8749125602961172,0.1914182775371023,0.2324796147480222,0.697360711157148
0.8747828737120097,0.1913674154032131,0.23269438505645818,0.6978938075856449
0.8746534431931496,0.19131652610187636,0.2329083167335607,0.6984266478754501
0.8745242688343076,0.1912656092055274,0.2331214099451353,0.6989592267551206
0.8743953502622579,0.19121466303308837,0.2333336670452777,0.6994915395183529
0.874266687342751,0.19116368632373462,0.2335450895398073,0.7000235808670104
0.874138280059097,0.19111267842091986,0.2337556780309285,0.7005553458820478
0.8740101282434939,0.19106163821348868,0.23396543389042918,0.701086829679092
0.8738822316052467,0.19101056383732187,0.23417435959358016,0.7016180269219753
0.8737545901777076,0.19095945512266474,0.23438245507371383,0.7021489331420374
0.8736272037527543,0.19090831035829825,0.23458972250386584,0.7026795429024222
0.873500072175115,0.19085712844393488,0.2347961632360829,0.7032098513693161
0.8733731953605798,0.19080590859469498,0.2350017781288752,0.7037398538091242
0.8732465731549168,0.19075464949260199,0.23520656880375287,0.7042695451213336
0.8731202054552561,0.19070335025601895,0.2354105362678463,0.7047989205644094
0.8729940921309809,0.19065200976567115,0.2356136818654182,0.70532797522744
0.8728682330798332,0.19060062652886456,0.23581600737139388,0.7058567035662937
0.8727426281317546,0.19054920032824274,0.23601751306110944,0.7063851021313943
0.8726172771987835,0.1904977292479985,0.23621820122639248,0.7069131647652943
0.8724921802127867,0.19044621278257703,0.23641807235638462,0.7074408871129231
0.8723673370335687,0.19039464952317223,0.23661712818961503,0.7079682640762462
0.8722427475452645,0.1903430389200172,0.2368153693397006,0.7084952914973808
0.8721184116545986,0.19029137940501242,0.2370127976867083,0.7090219637911799
0.8719943292977596,0.19023967038954231,0.23720941381883145,0.7095482765421572
0.8718705003203989,0.19018791048658748,0.23740521948312934,0.7100742247579473
0.8717469246374779,0.19013609909130058,0.23760021532063114,0.7105998041541324
0.8716236021611975,0.1900842350352396,0.23779440270401728,0.7111250097118055
0.8715005328302271,0.19003231706400922,0.2379877830844191,0.711649836174234
0.8713777164969745,0.18998034456299542,0.23818035721062572,0.7121742796095744
0.8712551531412126,0.18992831623330053,0.23837212653730602,0.7126983345179143
0.8711328425788722,0.18987623146658478,0.2385630918601374,0.7132219971908664
0.8710107848656109,0.18982408879701257,0.23875325474944858,0.7137452615380233
0.8708889797940891,0.1897718876848092,0.23894261594842112,0.714268124093114
0.8707674273036996,0.18971962707843898,0.23913117665900283,0.7147905799498776
0.8706461272900202,0.18966730598033527,0.23931893808041937,0.7153126245227777
0.8705250798763258,0.1896149232683807,0.239505901245067,0.7158342518745993
0.8704042847149048,0.1895624782522599,0.23969206730882603,0.7163554591282211
0.8702837417863287,0.1895099700593929,0.23987743718544235,0.7168762414281499
0.8701634512518245,0.18945739724259272,0.2400620122994581,0.7173965923387705
0.8700434126810417,0.18940475955353045,0.24024579333847457,0.7179165099262165
0.8699236263427618,0.1893520554843365,0.2404287816583273,0.7184359870691681
0.8698040920520033,0.1892992843841418,0.24061097813131227,0.7189550201775627
0.8696848094839343,0.18924644558223103,0.24079238386315943,0.7194736063487789
0.869565778831749,0.18919353778814937,0.2409730000411535,0.719991739148112
0.8694470000186392,0.18914056026512646,0.2411528274999114,0.7205094142959501
0.8693284730155068,0.18908751196312176,0.24133186743705748,0.721026626870773
0.8692101977231539,0.18903439210158096,0.24151012078633244,0.7215433726876882
0.8690921737652926,0.1889812000915123,0.2416875886284167,0.7220596493223143
0.868974401475321,0.18892793463995067,0.24186427196973834,0.7225754496079341
0.8689156167540979,0.18890127149508382,0.24195232199912778,0.7228331341080257
0.8688568733620259,0.18887461105935718,0.24204016936206968,0.7230908368274538
0.8287624184587234,0.19780187225889145,0.2888628757813271,1.7232340680926177
0.8687982072043741,0.18884791304727527,0.24212782602948366,0.7233483157392555
0.8686225971704516,0.18876768297162175,0.24238963825878024,0.7241199287421242
0.8686225858335584,0.18876769465705157,0.24238962921764096,0.7241199996128401
0.8685641823808897,0.18874090900761425,0.2424765134897503,0.7243769177173491
0.868505830397666,0.18871411576165606,0.24256319372043414,0.7246337828937843
0.8685058191777048,0.18871412679243976,0.2425631852393404,0.7246338523066694
0.8684475413313782,0.1886873029451097,0.24264967915777894,0.7248905228347501
0.8683893150029189,0.188660470713248,0.2427359698116424,0.7251471382705862
0.868331151499179,0.18863361881741966,0.24282206586807947,0.7254036279477822
0.8682730506908233,0.18860674733421812,0.24290796737336742,0.7256599921582557
0.868215012712705,0.18857985594753046,0.2429936745391943,0.725916229496092
0.8681570375664953,0.18855294453434845,0.24307918750184446,0.7261723391902467
0.8680991249974593,0.18852601336539873,0.24316450621628038,0.7264283225070259
0.8680412755056429,0.18849906156950272,0.2432496311470924,0.7266841750867803
0.867983488543277,0.18847208985988878,0.24333456205191903,0.7269399005889106
0.8679257643709307,0.1884450977275704,0.243419299234671,0.7271954964295921
0.8678681030252428,0.1884180850032765,0.24350384284754686,0.7274509616225443
0.8678105042610041,0.18839105194199673,0.2435881928513166,0.7277062974349685
0.8677529682100806,0.1883639982310077,0.2436723494622558,0.7279615023715745
0.8676954950581586,0.18833692347817207,0.24375631293366312,0.7282165743859954
0.8676380844798041,0.18830982805939564,0.24384008316985892,0.7284715153205709
0.8675807364904531,0.18828271183792059,0.2439236603073608,0.7287263244777102
0.867523451493193,0.18825557409772142,0.24400704474818766,0.7289809982343054
0.8674662289994014,0.1882284154576731,0.244090236284609,0.7292355396717003
0.8674090692061034,0.18820123551189064,0.24417323517566777,0.7294899467170848
0.8673519720704599,0.18817403421238174,0.24425604151802907,0.7297442191072337
0.8672949375197171,0.18814681155631996,0.24433865538654578,0.7299983567989341
0.8672379657985732,0.1881195670684351,0.24442107707494778,0.730252357357416
0.8671810566262557,0.18809230105442837,0.24450330651718452,0.7305062223125309
0.8671242101491728,0.188065013188625,0.2445853439354266,0.7307599499753236
0.8670673459509636,0.1880377254004879,0.2446672776156691,0.7310140186605939
0.8670229130527779,0.18801626601593704,0.24473125784700142,0.7312124347298284
0.8670107024276091,0.1880103756934523,0.244748841207447,0.7312670126365518
0.8669662406897205,0.18798891702863788,0.24481276137523486,0.7314657800147079
0.8669540346457104,0.18798303900304383,0.24483029155792577,0.7315204004824746
0.8669096315449372,0.1879615458751354,0.24489407241542094,0.7317189829949861
0.8668974000757931,0.18795566049688583,0.2449116236867214,0.7317737885154403
0.8668530843471256,0.18793415248179754,0.24497519294991893,0.7319720502638188
0.8668409000524763,0.18792825484621584,0.24499266349926913,0.7320266269098062
0.8667966003684405,0.18790673674575376,0.24505612118146375,0.7322249741062716
0.8667844401170336,0.1879008323829827,0.24507353754215766,0.7322794587499277
0.8667401783484765,0.1878792985504067,0.24513685914143404,0.7324777610131508
0.8667280312838617,0.1878733902699142,0.24515423343462978,0.7325322182547112
0.8666838192960551,0.18785183782449044,0.24521740538123157,0.7327304047800804
0.866671685185645,0.1878459253698722,0.24523473832789885,0.7327848354997472
0.8666275230294099,0.1878243544773254,0.24529776027163597,0.7329829058683324
0.8666154019266602,0.18781843742188697,0.24531505242039708,0.7330373091138052
0.8665712888712465,0.18779684836098542,0.24537792501602623,0.7332352674660829
0.8665591791354883,0.18779092669337435,0.24539517884470502,0.7332896523997501
0.8665151173221651,0.18776931941042813,0.2454578989211399,0.733487486229783
0.866503021418884,0.18776339254596797,0.24547511159034077,0.7335418380746478
0.8664590088204439,0.1877417675882609,0.2455376813449003,0.7337395591930661
0.8664469287646717,0.18773583485191941,0.24555485083190126,0.7337938655581605
0.8664029625818898,0.18771419267994213,0.24561727375369588,0.733991490070001
0.8663908961807613,0.18770825465751445,0.24563440247163296,0.7340457640280436
0.8663469786918166,0.1876865946868669,0.24569667597945258,0.7342432779480201
0.866334925985066,0.18768065154823116,0.24571376360470212,0.7342975194017971
0.8662910607954922,0.187658975088096,0.2457758833645697,0.7344949055930634
0.8662910574209264,0.18765897347552668,0.2457758877783705,0.7344949206829313
0.866279018460944,0.1876530250003441,0.24579293455893728,0.7345491289484369
0.8662351990526812,0.18763132895628112,0.24585490882096311,0.7347464161094948
0.8662231707719737,0.18762537574733365,0.2458719184588666,0.7348006093154926
0.8661794029834041,0.18760366107117657,0.24593374006705643,0.7349977671433725
0.866167390901103,0.18759770194001635,0.24595070604202388,0.7350519122674789
0.8661236689227392,0.18757596956586617,0.24601238230432707,0.7352489746724385
0.866111670877407,0.18757000519799272,0.2460293068256051,0.7353030848008577
0.8660680014266681,0.18754825619684043,0.24609082891384723,0.7355000164556513
0.8660679978654129,0.18754825454492,0.24609083383562938,0.7355000327397805
0.866056010848125,0.18754228541684748,0.24610772070713505,0.7355541255522717
0.8660123893591236,0.18752051585417837,0.24616909553996852,0.735750943280303
0.8660004387298063,0.18751455841851764,0.24618588128373034,0.735804895641615
0.865956843118485,0.18749275333601365,0.24624716805144606,0.7360017072820577
0.86594490605079,0.18748679121419565,0.2462639121157208,0.7360556276574094
0.8659013594592291,0.18746496696767223,0.2463250508908148,0.7362523225235662
0.8658894360532522,0.1874590001623518,0.2463417531089357,0.7363062101647414
0.8658459416608181,0.18743715823968832,0.2464027395952317,0.7365027733498306
0.8658459383462241,0.18743715665324798,0.24640274422021302,0.7365027884995843
0.8658340277578309,0.18743118490824812,0.24641940624987457,0.736556647974931
0.8657905795191446,0.18740932222280862,0.24648024865646573,0.7367531062380202
0.8657786827833414,0.18740334581854343,0.24649686849221264,0.7368069318137074
0.8657352833074573,0.18738146368675446,0.24655756364829798,0.7370032733089484
0.8657233998424556,0.18737548242185775,0.24657414246807086,0.7370570679602493
0.8656800495119853,0.18735358089470966,0.2466346896906751,0.7372532902376302
0.8656681792362853,0.18734759471837603,0.24665122768572645,0.73730705427545
0.8656248808694681,0.1873256751322169,0.24671162327645682,0.7375031442219921
0.8656248780881556,0.18732567374019188,0.24671162697810914,0.7375031567519934
0.8656130214129438,0.1873196827656638,0.2467281233408769,0.7375568878706799
0.8655697691263675,0.18729774216457165,0.24678837542722443,0.7377528718009557
0.8655579255180285,0.1872917461790886,0.2468048312835658,0.7378065726961677
0.8655147226194971,0.1872697860778862,0.24686493515061214,0.738002434875587
0.8655028924014008,0.1872637851722175,0.24688134986030025,0.7380561037256131
0.8654597385166283,0.187241805373152,0.24694130635391054,0.7382518456973894
0.8654048196522477,0.18721380136420845,0.2470174851489921,0.7385010907224093
0.865404816918152,0.18721380000329155,0.24701748892081504,0.7385011031948435
0.8653499575738492,0.187185769779011,0.24709348348771634,0.7387502081376829
0.8652951606546702,0.1871577146821744,0.24716928978709052,0.7389991590745518
0.8652404261280617,0.18712963460239082,0.2472449080034993,0.7392479556219799
0.8651857563049826,0.187101530658612,0.24732033514982382,0.7394965868287202
0.865185754079682,0.18710152952286327,0.2473203379958547,0.7394965968392151
0.865131144313361,0.1870733992467411,0.247395580332939,0.7397450831697637
0.8650765968999646,0.18704524371798947,0.24747063495856542,0.7399934136991104
0.8650221117983076,0.1870170628364441,0.24754550205591705,0.7402415881107678
0.8649676911694257,0.18698885761466394,0.24762017882979429,0.7404895959996111
0.8649676891199091,0.18698885657443443,0.24762018146231532,0.7404896052880142
0.8649133287064126,0.18696062476529912,0.24769467364424053,0.7407374655063894
0.8648590306740119,0.1869323673881162,0.24776897842156173,0.7409851676315284
0.8648047949995356,0.18690408434806996,0.24784309594252113,0.7412327112492377
0.864750623393146,0.1868757764293009,0.24791702424802986,0.7414800881087754
0.8647506215794019,0.18687577550612886,0.24791702654835324,0.7414800963485434
0.8646965104326755,0.1868474407858977,0.24799077029511873,0.7417273222949788
0.8646424615855719,0.1868190801249923,0.24806432720569793,0.7419743884260307
0.864588475005636,0.18679069341948407,0.24813769745865166,0.7422212943654224
0.86453455232377,0.18676228142710083,0.2482108790400656,0.7424680321307872
0.8645345507658666,0.18676228063397457,0.2482108809627735,0.7424680392154358
0.8644806886781349,0.18673384157167486,0.24828387828298734,0.742714623390884
0.8644268889751724,0.1867053762984052,0.2483566889230298,0.7429610451884697
0.8643731514573466,0.18667688460828424,0.24842931348089947,0.7432073050826499
0.864319477477893,0.1866483671124125,0.24850175037560648,0.7434533963609966
0.8643194760976765,0.18664836640189783,0.24850175212190637,0.7434534026767972
0.864265863082621,0.1866198217247509,0.24857400445221417,0.7436993365063248
0.8642123122426144,0.18659125038534624,0.24864607100295838,0.7439451068946142
0.8641588235882248,0.18656265231181193,0.24871795183843115,0.7441907132577453
0.8641053983488474,0.18653402807792493,0.24878964539208492,0.7444361493977308
0.8641053971114839,0.1865340274047308,0.24878964709615978,0.7444361550879725
0.8640520327776083,0.1865053756197214,0.24886115686513324,0.7446814321082905
0.863998730705101,0.18647669689316307,0.24893248103216595,0.7449265431085267
0.8639454907839343,0.18644799108672971,0.24900361995452722,0.7451714881330574
0.8638923140689021,0.18641925873511958,0.24907457215166115,0.7454162617985272
0.863892313046302,0.186419258189388,0.24907457356493576,0.7454162665521702
0.8638391974260625,0.18639049802683072,0.24914534221389703,0.7456608781044884
0.8637861438919454,0.18636171053019257,0.24921592602660073,0.745905322461784
0.8637331525641044,0.1863328957089411,0.24928632476812204,0.7461495984979145
0.8636802240916678,0.18630405382114584,0.24935653777993438,0.7463937027122771
0.8636802232666809,0.18630405335213485,0.24935653901856195,0.7463937065579549
0.8636273561516976,0.1862751835026538,0.24942656843941202,0.7466376453690989
0.8635745510458315,0.18624628594863168,0.24949641361003452,0.7468814152177099
0.8635218081012356,0.18621736074600895,0.2495660741698153,0.7471250149802474
0.863469127604749,0.18618840791396307,0.2496355501524206,0.7473684427470336
0.8634691272034382,0.18618840772528775,0.24963555053912756,0.7473684445593329
0.863416508354794,0.18615942681719239,0.2497048427942986,0.7476117034412644
0.8633639515435915,0.18613041793923724,0.24977395105538114,0.74785479128224
0.8633114567160148,0.1861013809725089,0.24984287556817136,0.7480977076783482
0.8632590243391989,0.18607231617755496,0.2499116154216399,0.7483404499202269
0.8632590240170698,0.18607231597684049,0.2499116159753987,0.7483404514760313
0.8632066532607896,0.18604322271612342,0.24998017292169714,0.7485830230578635
0.8631543445233834,0.1860141011891923,0.2500485462576799,0.7488254215422363
0.8631020977874136,0.1859849512960306,0.25011673614315255,0.7490676464793805
0.8630499130795526,0.18595577303505342,0.25018474250459133,0.7493096972840192
0.8628417932478685,0.1858387735415983,0.2504549383770828,0.7502761546453257
0.8626346643331179,0.18572131298781056,0.2507222095857119,0.7512397919315165
0.8624285251552277,0.18560338602239326,0.2509865648843941,0.7522005822287973
0.8622233748852364,0.18548498777534683,0.2512480117627154,0.7531584971905424
0.8620192129535711,0.18536611376465142,0.2515065567180672,0.7541135074211418
0.8618160382083888,0.18524675895833578,0.2517622081871988,0.7550655863779843
0.8616138498739487,0.18512691888903252,0.2520149731292362,0.7560147059837595
0.8614126467744161,0.1850065886725816,0.25226485994809417,0.756960840096674
0.861212427969908,0.1848857638421805,0.2525118760374788,0.7579039616893637
0.861013192408614,0.1847644398919355,0.2527560291232697,0.7588440443460444
0.8608149390924519,0.18464261251800726,0.2529973265715344,0.7597810617854759
0.8606176668090996,0.18452027723807002,0.2532357764980257,0.760714988465775
0.8604213744924871,0.184397429884993,0.25347138630638294,0.7616457987285656
0.86022606073755,0.18427406595756024,0.2537041646435161,0.7625734684145734
0.8600317244706717,0.18415018151005189,0.2539341187023341,0.7634979720275896
0.859838364455048,0.18402577251901162,0.2541612561593667,0.7644192850449942
0.8596459791350154,0.18390083460007886,0.25438558597675626,0.7653373844580397
0.8594545672559628,0.18377536394677632,0.2546071156473441,0.76625224611909
0.8592641273281679,0.1836493565259268,0.254825853562012,0.7671638470721269
0.8590746580404495,0.18352280870641127,0.25504180714625124,0.7680721637396901
0.8588861578068415,0.18339571659049256,0.2552549848698272,0.7689771739458715
0.8586986250877323,0.1832680764535421,0.2554653948912401,0.769878855436512
0.8585120581941417,0.18313988447279878,0.2556730459032548,0.7707771867839194
0.8583264554917062,0.18301113704902916,0.2558779461709322,0.7716721464498305
0.8581418154395856,0.18288183090472657,0.25608010325082514,0.7725637128456515
0.8579581361059803,0.18275196220758536,0.2562795265481456,0.7734518660435121
0.8577754158255424,0.18262152775137544,0.25647622386933994,0.7743365851187366
0.8575936527255579,0.18249052409844455,0.25667020392191753,0.7752178504049453
0.8574128449152547,0.18235894794477506,0.256861475267866,0.7760956423279626
0.8572329904619899,0.18222679603051337,0.25705004654522845,0.7769699417237987
0.8570540873842917,0.18209406517523893,0.2572359264036872,0.7778407298078647
0.8568761337090643,0.1819607523611001,0.25741912322893407,0.7787079879447795
0.8566991272288609,0.18182685429100887,0.25759964649116407,0.7795716986578478
0.8565230658889466,0.18169236808026706,0.25777750462832494,0.7804318439925525
0.8563479475034579,0.18155729078489422,0.2579527065151114,0.7812884067697915
0.8561737698444024,0.18142161950284774,0.2581252611051631,0.7821413701256846
0.8560005306311752,0.18128535140523802,0.2582951773776358,0.7829907176305776
0.8558282275462414,0.18114848373830064,0.2584624643050285,0.7838364331842215
0.8556568581593461,0.1810110136757719,0.25862713131587584,0.7846785013261736
0.8554864201730912,0.18087293883349967,0.25878918670616397,0.7855169062880192
0.8553169109771794,0.18073425632772147,0.25894864053969846,0.7863516336719417
0.8551483281307954,0.18059496379539572,0.25910550150093475,0.7871826687943541
0.8549806690390527,0.18045505871101553,0.25925977900476077,0.7880099974728813
0.8548139310835746,0.1803145386478677,0.25941148237733297,0.788833606092444
0.854648111595793,0.1801734012460883,0.259560620971148,0.7896534813132153
0.8544832078794553,0.18003164424488738,0.25970720404572245,0.7904696101388083
0.8543192170977777,0.1798892652295327,0.2598512415805372,0.7912819802964216
0.8541561365483744,0.1797462622486237,0.25999274228967656,0.792090579237008
0.853993963281517,0.1796026329613789,0.26013171636872284,0.7928953955438481
0.8538326943958995,0.17945837529278788,0.26026817338296665,0.7936964178309106
0.8536723269832746,0.17931348731612778,0.2604021226301837,0.7944936349610253
0.8535128580425778,0.17916796704732457,0.2605335738091091,0.7952870363434454
0.8533542845269187,0.17902181256798586,0.26066253663084177,0.7960766117919875
0.8531966033530691,0.17887502202826192,0.2607890207924164,0.7968623514623875
0.8530398113396522,0.17872759350975026,0.2609130364508621,0.7976442460860009
0.8528839053413595,0.17857952533149798,0.2610345931760136,0.7984222865350915
0.8527288821204614,0.1784308157549877,0.26115370095323054,0.7991964640352093
0.8525747384601317,0.1782814632442059,0.26127036927849395,0.799966770292856
0.8524214710396903,0.17813146617484077,0.2613846081677216,0.8007331973171226
0.8522690764729625,0.17798082291767306,0.2614964278795085,0.801495737719549
0.8521175513650615,0.1778295319785223,0.26160583842105023,0.8022543843407458
0.8519668923416538,0.1776775920506098,0.2617128493231947,0.8030091301607601
0.8518170958895541,0.17752500165178509,0.2618174709681217,0.8037599688786388
0.8516681585058063,0.17737175946819989,0.261919713342234,0.8045068943847357
0.8515200766209534,0.17721786417249155,0.26201958669847925,0.8052499010282309
0.8513728466833185,0.17706331461848945,0.26211710081812817,0.8059889833192609
0.8512264650596953,0.17690810960861153,0.26221226588219393,0.8067241362832115
0.8510809280569116,0.17675224794049518,0.26230509231098775,0.8074553553799126
0.8509362320204923,0.17659572863669565,0.26239558985874917,0.8081826361550833
0.8507923731588939,0.17643855053224589,0.26248376923049405,0.8089059748599022
0.8506493477524384,0.17628071275712062,0.26256964016867906,0.809625367718539
0.8505071519737067,0.17612221432157946,0.26265321310153417,0.8103408115576003
0.8503657819908749,0.17596305434945408,0.2627344982073655,0.8110523034412691
0.8502252339510961,0.17580323203993206,0.2628135055541101,0.8117598407334081
0.8500855039046044,0.1756427464865815,0.2628902458706559,0.8124634213483278
0.8499465879657908,0.17548159705172744,0.26296472895326967,0.8131630432835891
0.8498084821690722,0.17531978302937745,0.26303696508292823,0.8138587047987811
0.8496711824931278,0.17515730369813465,0.26310696482744483,0.8145504048173674
0.8495346849340325,0.17499415848877364,0.26317473829102833,0.8152381423357413
0.849398985427029,0.17483034680133472,0.26324029592430154,0.8159219167317912
0.8492640799227111,0.1746658681774684,0.2633036477297736,0.8166017277330532
0.849129964304739,0.17450072211533665,0.2633648041180176,0.8172775752550453
0.8489966344524462,0.17433490819598846,0.263423775309308,0.8179494596076404
0.8488640862124769,0.17416842603548371,0.263480571566837,0.8186173814058184
0.8487323153810139,0.1740012752263584,0.2635352034910826,0.8192813416286148
0.8486013177958218,0.1738334555536529,0.26358768091954954,0.8199413413690071
0.8484710892181231,0.17366496672115328,0.26363801430517286,0.8205973821610417
0.8483416254048316,0.17349580851334728,0.26368621390037894,0.821249465783023
0.848212922091785,0.1733259807554477,0.26373228995320436,0.8218975942940893
0.8480849750089089,0.17315548334498698,0.2637762525172818,0.8225417699956428
0.8479577798262369,0.17298431613002233,0.26381811215692075,0.823181995591527
0.8478313322462753,0.17281247910815287,0.2638578787892978,0.8238182738945216
0.8477056279142579,0.1726399722341748,0.26389556281006493,0.8244506081213232
0.8475806624790136,0.17246679554105016,0.26393117437043845,0.8250790016768358
0.8474564315872157,0.17229294913586768,0.2639647233606419,0.8257034582033441
0.8473329308329559,0.1721184330794911,0.26399622021029917,0.826323981701795
0.8472101558165734,0.1719432475158148,0.2640256750546194,0.8269405763660727
0.8470881021345805,0.17176739264748012,0.2640530978466315,0.8275532466148515
0.8469667653654536,0.17159086870294596,0.26407849857630455,0.8281619971312576
0.8468461410581966,0.17141367591042034,0.2641018875156874,0.8287668328862624
0.8467262247638941,0.17123581456239878,0.2641232747209686,0.8293677589987337
0.8466070120349658,0.17105728501139428,0.2641426699922613,0.8299647809625763
0.8464884984003421,0.17087808761696038,0.2641600833381639,0.8305579043141157
0.8463706793728416,0.17069822276008886,0.26417552492321883,0.8311471350365666
0.8462535504829946,0.17051769090504207,0.26418900434851084,0.8317324791241365
0.8461371072235897,0.17033649249570607,0.26420053182820524,0.8323139429902273
0.8460213451065433,0.17015462805501294,0.2642101169963549,0.8328915329246501
0.8459062596256043,0.16997209811841693,0.2642177696987939,0.8334652559106284
0.8457918462662523,0.16978890324918539,0.26422349992507904,0.8340351187117122
0.8456781005226289,0.16960504406450325,0.26422731721213005,0.8346011285903661
0.8455650178755543,0.16942052119879492,0.2642292313321188,0.8351632928168266
0.8454525938046212,0.1692353353213152,0.2642292520266763,0.8357216189456742
0.845340823788928,0.16904948713520937,0.26422738888626623,0.8362761147356621
0.8452297033050675,0.16886297737412234,0.26422365157311706,0.8368267880915241
0.845119227830095,0.16867580680478103,0.2642180496736789,0.8373736471156418
0.8450093928421677,0.16848797622734168,0.2642105927590591,0.8379167000873594
0.8449001938152244,0.16829948645776213,0.26420129012772675,0.8384559555066142
0.8447916262321528,0.16811033836756878,0.26419015147748615,0.8389914219730548
0.844683685572236,0.1679205328354166,0.2641771860792154,0.8395231083160212
0.8445763673178771,0.16773007077775454,0.26416240331715224,0.8400510235240589
0.8444696669549977,0.16753895313460854,0.2641458124905972,0.8405751767418791
0.8443635799772832,0.1673471808890879,0.26412742294363484,0.84109557725882
0.8442581018846833,0.16715475505185218,0.26410724393248813,0.8416122345104432
0.8441532281640263,0.16696167662077854,0.26408528450500696,0.8421251581927948
0.8440489543325455,0.16676794667829747,0.26406155392032016,0.8426343580091323
0.843945275903675,0.16657356630961007,0.26403606126321666,0.8431398438714326
0.8438421884018137,0.1663785366354068,0.2640088155930998,0.8436416258147738
0.8437396873394798,0.1661828587605791,0.26397982583022106,0.8441397140722435
0.8436377682582195,0.16598653386082465,0.26394910096403185,0.8446341191135811
0.8435364267090819,0.1657895631413705,0.26391664992161223,0.8451248511408315
0.8434356582451566,0.1655919478156706,0.26388248154386096,0.8456119208554757
0.8433354584236179,0.16539368910910388,0.263846604612872,0.8460953391770452
0.8432358228258569,0.16519478830219123,0.26380902789429694,0.8465751166178664
0.8431367470341611,0.16499524667983348,0.26376976008046277,0.8470512644540515
0.8430382266431227,0.16479506555073437,0.26372880981467456,0.8475237936047203
0.8429402572741452,0.16459424627959438,0.2636861856977014,0.8479927152790574
0.8428428345241027,0.16439279017809494,0.263641896259392,0.848458040883642
0.8427459540452918,0.16419069866826566,0.2635959499950714,0.8489197818683729
0.8426496114695552,0.16398797312602584,0.2635483553421988,0.8493779497264157
0.8425538024797959,0.1637846150247373,0.26349912067311115,0.849832556038539
0.8424585227256391,0.1635806257643512,0.2634482543303045,0.8502836126896502
0.8423637679325867,0.16337600688862697,0.26339576455496383,0.8507311313518338
0.8422695337697212,0.16317075982019583,0.26334165960047523,0.851175124136114
0.8421758159626844,0.16296488608532203,0.26328594763023544,0.8516156030550078
0.8420826102857744,0.16275838729272657,0.2632286366955495,0.8520525800676925
0.8419899124573671,0.16255126493177874,0.26316973490030104,0.8524860675509187
0.8418977182310156,0.16234352054791226,0.2631092502770855,0.8529160778852566
0.8418060234546565,0.16213515585470598,0.2630471906511498,0.8533426231802614
0.841714823883107,0.16192617237247298,0.26298356400674694,0.8537657161352538
0.8416241153572279,0.161716571771416,0.2629183781371418,0.8541853692167094
0.8415338937198713,0.161506355709276,0.26285164081181994,0.8546015950426515
0.8414441548113379,0.16129552582250017,0.2627833597976779,0.8550144064022884
0.8413548945576479,0.1610840838909924,0.2627135426361806,0.8554238158538007
0.8412661088244969,0.16087203156325236,0.2626421970156293,0.8558298364457276
0.8411777935329094,0.1606593705722203,0.2625693304778659,0.856232480944582
0.841089944629254,0.16044610267848727,0.26249495049164384,0.8566317622951681
0.8410025580506997,0.1602322296044667,0.26241906455701886,0.8570276938348727
0.8409156298408345,0.16001775324747297,0.262341679857176,0.8574202881304419
0.8408291559220431,0.15980267526141761,0.2622628039545794,0.8578095589012725
0.8407431323615113,0.15958699754116787,0.26218244397313945,0.8581955189813592
0.8406575552214487,0.15937072194983032,0.2621006070573825,0.8585781815824272
0.8405724205118003,0.1591538502326,0.26201730054360406,0.8589575603791949
0.8404877243841911,0.1589363843646896,0.261932531309659,0.8593336684183641
0.8404034629011333,0.15871832613774936,0.2618463065570502,0.8597065192638876
0.8403196322315102,0.1584996775070385,0.2617586331403236,0.8600761262986114
0.8402362285053787,0.15828044033354724,0.26166951807615774,0.8604425031175056
0.8401532478985926,0.15806061653299022,0.2615789682455828,0.8608056632965334
0.8400706866703583,0.15784020813985325,0.2614869902492234,0.8611656201801906
0.8399885409908113,0.15761921700626835,0.26139359105210075,0.8615223876577234
0.8399068071125986,0.1573976451006251,0.2612987773449976,0.8618759793937497
0.8398254813721979,0.15717549450736176,0.26120255552953947,0.8622264088203182
0.8397445599738363,0.15695276705578715,0.26110493256176315,0.8625736901085717
0.839664039327216,0.15672946489776296,0.2610059146308485,0.8629178366485555
0.8395839157747556,0.1565055900409233,0.2609055082318523,0.8632588622758974
0.839504185605987,0.15628114437461002,0.26080372012260905,0.8635967812596814
0.8394248453191976,0.15605613011030228,0.2607005562571343,0.8639316068977889
0.8393458913166263,0.1558305492670868,0.2605960230298975,0.8642633531459638
0.839267319988824,0.15560440381521098,0.26049012693768064,0.8645920344130713
0.839189127893451,0.1553776959718168,0.26038287382815944,0.8649176641396945
0.8391113114828745,0.15515042774817822,0.2602742700478266,0.8652402565733129
0.8390338672862968,0.15492260125111748,0.26016432167353815,0.8655598255396758
0.8389567918671609,0.1546942186121992,0.2600530346917072,0.8658763850803856
0.8388800818024326,0.15446528195314088,0.2599404150894607,0.866189949200258
0.8388037336666551,0.1542357933595524,0.2598264689277419,0.8665005321567812
0.8387277441823423,0.15400575512430223,0.2597112016752565,0.8668081475148924
0.8386521099167604,0.15377516925692117,0.2595946195560365,0.8671128097721441
0.8385768275951175,0.1535440379883411,0.25947672815511835,0.8674145328560287
0.8385018938823349,0.1533123634199766,0.25935753339770756,0.8677133310451592
0.8384273056058209,0.15308014787870505,0.25923704053975694,0.8680092180520521
0.8383530594579243,0.15284739344349546,0.25911525552514547,0.8683022083215137
0.8382791522865211,0.1526141024056639,0.25899218365582566,0.8685923157293745
0.8382055808283707,0.15238027684797145,0.25886783082294035,0.8688795547764846
0.8381323420248888,0.15214591913996134,0.25874220204041565,0.8691639391742381
0.8380594326873274,0.15191103141398343,0.25861530300720864,0.869445483351119
0.8379868497532171,0.15167561596411974,0.2584871389079833,0.8697242012902551
0.8379145901176569,0.15143967498482366,0.2583577152070916,0.8700001072888515
0.8378426507554426,0.15120321075889484,0.2582270370714045,0.8702732154191624
0.8377710286856895,0.15096622560236533,0.2580951095367875,0.8705435396722254
0.837699720843943,0.15072872166892362,0.2579619381256473,0.8708110945452384
0.8376287242915164,0.1504907012693887,0.2578275278386437,0.8710758940885441
0.8375580361483264,0.15025216676824416,0.2576918834762939,0.871337952210092
0.8374876534603216,0.15001312038315717,0.25755501028724415,0.8715972832769088
0.8374175733705392,0.14977356444306356,0.25741691313328063,0.8718539013372285
0.8373477929828843,0.1495335011832484,0.2572775971588611,0.8721078207388706
0.8372783095737268,0.14929293306124755,0.2571370667450325,0.8723590552402045
0.8372091202210928,0.14905186220416747,0.2569953273507488,0.8726076193240051
0.837140222235625,0.14881029104922136,0.25685238336755944,0.8728535269384262
0.8370716128450171,0.14856822187531638,0.25670823969617135,0.8730967924370096
0.8370032893844246,0.14832565708416592,0.2565629007910537,0.8733374294566068
0.8369352491671581,0.14808259900981907,0.25641637131217776,0.873575452339029
0.8368674894498078,0.1478390498685012,0.2562686563053345,0.8738108753992874
0.8368000077205316,0.14759501217782733,0.2561197597347062,0.8740437122847581
0.8367328012485125,0.14735048810251164,0.2559696867823519,0.8742739776201891
0.8366658675957703,0.1471054801947364,0.2558184412277847,0.8745016848564697
0.8365992041358614,0.1468599906998512,0.255666027919994,0.8747268483657745
0.8365328083293369,0.14661402195284,0.2555124513614013,0.8749494822973318
0.8364666777849308,0.14636757646452725,0.2553577153871247,0.875169600209577
0.8364008099241607,0.14612065644403563,0.2552018249089316,0.8753872166265184
0.8363352024071061,0.14587326440328027,0.2550447836974528,0.875602345107568
0.8362698527758422,0.14562540265196688,0.25488659624473164,0.8758149998348405
0.8362047586027791,0.14537707350748197,0.254727266989808,0.8760251949840218
0.8361399176237875,0.14512827948089904,0.25456679961523865,0.8762329440738418
0.8360753275195805,0.1448790229706941,0.25440519819990304,0.8764382609968984
0.8360109859320943,0.14462930628612494,0.2542424671365183,0.876641159919582
0.8359468906282423,0.14437913187477153,0.25407861026041184,0.8768416545526606
0.8358830392650489,0.14412850199732707,0.2539136321025544,0.8770397592047751
0.835819429823595,0.14387741932541934,0.2537475355663495,0.8772354868061616
0.8357560599487661,0.14362588603402365,0.25358032546950443,0.8774288519378146
0.8356929274760796,0.14337390452439208,0.2534120057152045,0.877619868405344
0.8356300303948931,0.14312147737216488,0.25324257948422824,0.8778085494062665
0.835567366453401,0.142868606790573,0.2530720513750955,0.8779949093549628
0.8355049337409286,0.1426152954196213,0.25290042424428827,0.8781789611889533
0.8354427300114384,0.1423615454123973,0.2527277028871118,0.8783607194989644
0.835380753342648,0.1421073593227451,0.25255389044367577,0.8785401974759875
0.8353190017522267,0.14185273958908093,0.25237899049426116,0.8787174086881316
0.8352574732559254,0.1415976886127555,0.25220300674262475,0.8788923668106136
0.8351961658269268,0.1413422087042798,0.25202594324175276,0.8790650858132554
0.8351350775512795,0.14108630228978902,0.2518478035357941,0.8792355792390956
0.835074206670871,0.14082997196663372,0.25166859041860207,0.8794038599829888
0.8350135511723987,0.1405732199619319,0.25148830821550766,0.879569942286751
0.8349531092698085,0.1403160487673152,0.2513069601027533,0.8797338393562547
0.834892879105673,0.14005846074704903,0.2511245497698621,0.8798955648631209
0.8348328589412947,0.13980045838630792,0.2509410803574247,0.8800551319764484
0.8347730469117551,0.13954204397261427,0.2507565558303325,0.8802125545886998
0.8347134414613313,0.13928322016014943,0.2505709785296042,0.880367845243339
0.8346540406476471,0.13902398907041735,0.25038435309298435,0.8805210183457709
0.834594842967911,0.13876435335737303,0.250196681790518,0.8806720863618489
0.8345358466524674,0.13850431529908566,0.2500079685200786,0.8808210630886294
0.8344770500982586,0.1382438773536592,0.24981821635082532,0.8809679616258269
0.8344184517418641,0.13798304199635494,0.24962742824240497,0.8811127949817184
0.8343600498255788,0.1377218114229975,0.24943560838171955,0.8812555771528272
0.8343018429793992,0.13746018828746684,0.2492427588545589,0.8813963204143996
0.8342438295335525,0.1371981748323772,0.24904888358246258,0.8815350385256672
0.8341860080083779,0.13693577350712843,0.24885398551296986,0.8816717444345824
0.8341283769751874,0.13667298679246923,0.24865806741597624,0.8818064509420042
0.8340709348709808,0.13640981696883722,0.2484611329555894,0.8819391715547205
0.8340136802771402,0.13614626646465103,0.24826318507847803,0.882069919180903
0.8339566117954458,0.1358823377014917,0.24806422673023262,0.8821987067197576
0.8338997280249556,0.13561803306560716,0.24786426098988168,0.882325547158234
0.8338430276051717,0.13535335496132586,0.2476632908186193,0.8824504533726637
0.8337865091569993,0.13508830573848296,0.24746131940430963,0.8825734384038693
0.8337301713745097,0.1348228878052058,0.24725834962431376,0.8826945150261065
0.8336740129582298,0.13455710354606423,0.24705438443574193,0.8828136960585765
0.8336180326553361,0.1342909553712231,0.2468494266387045,0.8829309941761517
0.8335622291570604,0.1340244455917565,0.2466434794812825,0.883046422390701
0.8335066012425326,0.13375757659441698,0.2464365458103227,0.8831599933734514
0.8334511477424934,0.13349035079742652,0.24622862828389092,0.8832717196251283
0.8333958674479015,0.13322277054032028,0.24601972991358617,0.8833816139047375
0.8333407591944489,0.13295483818592452,0.24580985356241625,0.8834896888311737
0.8332858217974959,0.1326865560423543,0.24559900233262233,0.8835959571883562
0.8332310542461808,0.1324179265949326,0.24538717840421068,0.8837004309871506
0.8331764553471859,0.13214895208159688,0.24517438516676107,0.8838031232418202
0.833122024130907,0.13187963497593705,0.24496062478378716,0.8839040458935422
0.8330677594004924,0.13160997745280759,0.24474590090293988,0.8840032120536732
0.8330136601932369,0.13133998193391744,0.24453021587777538,0.8841006337936002
0.8329597254899638,0.13106965074491403,0.2443135725186094,0.8841963235198056
0.8329059543070491,0.13079898622386815,0.24409597353650136,0.8842902935178728
0.8328523456782123,0.1305279906998946,0.243877421653305,0.8843825560721599
0.8327988986150697,0.130256666447447,0.24365791984115567,0.884473123627822
0.832745612340966,0.12998501595811804,0.24343746989631326,0.8845620076844675
0.8326924857581013,0.12971304132251507,0.24321607569143133,0.8846492213227741
0.8326395180101417,0.1294407448821466,0.24299373973885036,0.8847347765389216
0.8325867083594766,0.12916812908676994,0.2427704639353077,0.8848186848258205
0.832534055941763,0.12889519621201645,0.24254625106940986,0.884900958334284
0.8324815597147056,0.12862194830194423,0.24232110514253485,0.8849816101107953
0.8324292192008785,0.12834838801807555,0.24209502678268027,0.885060650582433
0.8323770333847493,0.12807451738084144,0.24186802005746277,0.8851380927797731
0.83232500154213,0.12780033871445265,0.2416400873447542,0.8852139484054955
0.8322731229287894,0.12752585429295923,0.24141123125894062,0.8852882293095599
0.8322213968018579,0.12725106636470054,0.2411814545186435,0.88536094738648
0.8321698225626613,0.12697597731327168,0.24095075905397786,0.8854321138974942
0.8321183994186659,0.12670058927755087,0.24071914811803005,0.8855017410726131
0.8320671267918353,0.12642490460998296,0.24048662373217924,0.8855698401728412
0.832016003896813,0.1261489254048971,0.24025318933013562,0.8856364234902555
0.8319650300863874,0.12587265388432514,0.24001884758951722,0.8857015027076314
0.8319142048994164,0.12559609245053205,0.23978360012372404,0.885765088608198
0.8318635277212766,0.1253192433094894,0.23954744962294275,0.8858271929970061
0.8318129978312584,0.12504210852430225,0.23931039956002653,0.8858878278864195
0.8317626147560855,0.12476469040499218,0.2390724519486086,0.8859470042543801
0.831712377874799,0.12448699107371836,0.23883360984894597,0.8860047340254407
0.831662286777349,0.12420901285827451,0.2385938750857499,0.8860610279717489
0.831612340975342,0.12393075797539252,0.23835325008917943,0.8861158972922547
0.8315625397984879,0.12365222841882914,0.23811173856121487,0.8861693541144893
0.8315128828904819,0.12337342649862991,0.23786934230004841,0.8862214091365009
0.831463369764928,0.12309435435901343,0.2376260640436956,0.8862720736801721
0.8314139999776755,0.12281501416538305,0.2373819063641573,0.8863213589446701
0.8313647731012396,0.12253540807665929,0.23713687183136506,0.8863692760334153
0.8313156886366534,0.12225553815089094,0.23689096358259257,0.8864158364482707
0.8312667463574723,0.12197540671397268,0.2366441830945883,0.886461050427943
0.8312179457986006,0.12169501581280971,0.236396533493734,0.8865049293785768
0.8311692865947299,0.12141436757706252,0.23614801736235988,0.8865474842631063
0.8311207683999681,0.12113346413347431,0.23589863725891239,0.8865887259829535
0.8310723908713759,0.12085230758857993,0.2356483958245421,0.8866286654554486
0.8310241536935195,0.12057090005478566,0.23539729562217404,0.8866673134959776
0.8309760565613723,0.12028924363247094,0.23514533924725514,0.8867046808991023
0.8309280992297771,0.12000734046205633,0.23489252900189103,0.8867407782014765
0.8308802813590469,0.1197251925618702,0.23463886791142344,0.8867756164117084
0.8308329046401375,0.11944311877110471,0.23438236743357663,0.8868077702958329
0.8307861892521258,0.11916135815674905,0.23412158488447285,0.8868362071633418
0.83073903135931,0.11887874858932117,0.23386378604179975,0.8868661829525861
0.8306914251892579,0.11859529670219122,0.23360904686156406,0.8868977393118525
0.8305963017648764,0.1180273571805587,0.233099248758621,0.886958789526991
0.8305494535748554,0.11774355401933961,0.23283970513014268,0.8869851104452189
0.8305027432885427,0.11745952268899466,0.23257933069705347,0.887010255693357
0.8304561704782003,0.11717526492482706,0.2323181299607584,0.887034236900113
0.8304097352946237,0.11689078303169081,0.23205610363366272,0.8870570630223803
0.8303634374707726,0.1166060788681828,0.23179325532804013,0.8870787448122418
0.8303172766152382,0.11632115414644728,0.23152958959352685,0.8870992937980868
0.8302712532340971,0.11603601146647446,0.23126510500753789,0.8871187173782161
0.8302253667184905,0.11575065228202026,0.23099980777855791,0.8871370280612416
0.8301796172155147,0.11546507878834854,0.23073369908705918,0.887154234763954
0.8301340045932113,0.11517929288030283,0.23046678209576116,0.8871703478455075
0.8300885287020375,0.11489329641547416,0.23019906017904376,0.8871853777586297
0.8300431897810847,0.11460709161989556,0.22993053414680736,0.8871993330524676
0.8299979875357681,0.11432068016836688,0.2296612085424733,0.8872122248715345
0.8299529219365305,0.11403406398003367,0.2293910861871849,0.8872240630922766
0.829907993147942,0.11374724514716426,0.2291201686541059,0.8872348566784177
0.8298632010872744,0.11346022549849089,0.22884845930045028,0.8872446157805938
0.829818545758138,0.11317300692917834,0.22857596097552565,0.8872533501412525
0.8297740272587754,0.11288559140870894,0.22830267595909268,0.8872610690603706
0.8297296454500339,0.11259798065540777,0.22802860825760585,0.8872677829711512
0.8296854004733148,0.11231017664376412,0.22775376001835423,0.8872735009760108
0.8296412923678477,0.11202218123036832,0.2274781341787753,0.8872782326676381
0.8295973211941363,0.11173399627453423,0.22720173361036625,0.887281987539213
0.8295534870106739,0.11144562361581181,0.22692456127999291,0.8872847750954925
0.8295097898575362,0.11115706505837522,0.22664662036415548,0.8872866049293066
0.8294662299621604,0.11086832256958158,0.226367912806737,0.8872874857433232
0.8294228072613476,0.11057939781976216,0.22608844266814357,0.8872874276209622
0.829379521846139,0.11029029261030651,0.22580821300701648,0.8872864399096904
0.8293363740589116,0.11000100896604012,0.22552722518686022,0.8872845307627572
0.8292933638100046,0.10971154848235533,0.22524548369433206,0.8872817103816624
0.829250492040666,0.1094219142553439,0.22496298285357255,0.8872779939844752
0.8292077574209169,0.10913210562293928,0.22467974187468978,0.8872733781841603
0.8291651607426271,0.10884212547981631,0.22439575639492662,0.887267878643867
0.8291227023395912,0.10855197575740927,0.22411102820234927,0.8872615034416121
0.8290803823292618,0.10826165816714917,0.22382556069615744,0.8872542617699816
0.829038200641645,0.10797117422872482,0.22353935869064748,0.8872461637017833
0.8289961577419096,0.10768052594753122,0.22325242324596006,0.8872372167637255
0.8289542537318177,0.10738971497355837,0.22296475809201943,0.8872274302015315
0.828912488697626,0.10709874292706908,0.2226763671441202,0.8872168133076324
0.8288708630351656,0.10680761170074549,0.22238725215982058,0.8872053739230092
0.82882937671629,0.10651632277914104,0.22209741802022148,0.8871931218620082
0.8287880300552039,0.10622487794845965,0.22180686720660467,0.887180065320381
0.8287468233186649,0.10593327893622671,0.22151560260778064,0.887166212699903
0.8287057568285071,0.10564152750579538,0.22122362677759816,0.8871515721302374
0.8286648305075145,0.10534962504016893,0.2209309452370041,0.8871361536135598
0.8286240448041442,0.10505757338898035,0.2206375597504119,0.887119964651067
0.8285833999276592,0.10476537416922463,0.22034347388673908,0.8871030138600747
0.8285428961608162,0.10447302905070095,0.2200486907420758,0.8870853094949398
0.828502533681929,0.1041805395945531,0.21975321424053296,0.8870668602857773
0.8284623127843229,0.1038879074522652,0.21945704752645545,0.8870476744025014
0.8284222337266914,0.10359513423040922,0.2191601940596529,0.8870277601601515
0.8283822967356561,0.10330222149327006,0.21886265759774,0.8870071260060484
0.8283425020925953,0.1030091708409579,0.21856444155572635,0.8869857801094062
0.8283028502334059,0.10271598399854416,0.218265548263678,0.8869637298929118
0.8282633412521193,0.10242266237290491,0.21796598264077632,0.8869409842964349
0.828223975488141,0.10212920757659685,0.21766574784776205,0.8869175513169137
0.828184753260481,0.10183562119120015,0.2173648472528204,0.8868934387674533
0.828145674869292,0.10154190476896262,0.2170632844203576,0.8868686546236884
0.8281067406016605,0.10124805983811046,0.21676106306832518,0.8868432069350608
0.8280679508501273,0.10095408800731805,0.21645818618063462,0.8868171031134199
0.8280293057374085,0.10065999063615917,0.21615465881692736,0.8867903519464597
0.8279908056564925,0.10036576930898,0.21585048406603838,0.8867629608755846
0.8279524509233156,0.10007142553081289,0.2155456656469653,0.8867349376738245
0.8279142418676471,0.09977696080689678,0.21524020722682838,0.8867062900431003
0.8278761787298737,0.09948237655327921,0.2149341131995633,0.8866770260458697
0.8278382619847603,0.09918767437741766,0.21462738623772026,0.8866471526437859
0.8278004919632709,0.09889285575098172,0.2143200301496135,0.8866166774318361
0.8277628687596589,0.09859792193071859,0.21401205059289594,0.8865856090954592
0.8277253930736664,0.09830287468227643,0.21370344867022772,0.8865539534427614
0.8276880648930895,0.0980077151503653,0.21339423095202364,0.8865217195981806
0.8276508846958474,0.09771244488774185,0.21308440032193876,0.8864889143529296
0.8276138527570926,0.0974170652636156,0.2127739612581005,0.88645554541366
0.8275769695365497,0.09712157779333884,0.2124629168703489,0.8864216196072997
0.8275402352659168,0.09682598378859184,0.21215127206264842,0.8863871447790121
0.8275036504400013,0.09653028477293994,0.2118390297608004,0.8863521275223984
0.827467215215856,0.09623448197524564,0.21152619553540133,0.8863165759691964
0.8274309299995879,0.09593857682360094,0.21121277308208591,0.8862804970575218
0.8273947953267459,0.09564257084429306,0.21089876513371292,0.8862438970922225
0.8273588112207882,0.09534646512618462,0.2105841784318627,0.886206784721019
0.8273229782367416,0.09505026119127981,0.21026901563917463,0.8861691660882357
0.827287296740062,0.09475396039429224,0.20995328092719692,0.8861310481839577
0.8272517670370241,0.09445756403148203,0.20963697896846048,0.886092438236176
0.8272163894835529,0.09416107343076965,0.2093201140884171,0.8860533432061031
0.8271811644286516,0.09386448990517712,0.20900269070467623,0.8860137700501491
0.8271460922432258,0.09356781477654069,0.20868471310109096,0.8859737255860108
0.8271111732618774,0.09327104932796033,0.20836618588331984,0.8859332167611452
0.8270764078508328,0.09297419485949655,0.20804711344493554,0.8858922503384036
0.8270417964131523,0.09267725269233604,0.20772749992419487,0.885850832872903
0.8270073392015432,0.09238022401703005,0.2074073506808488,0.8858089715065183
0.8269730365584406,0.09208311008832336,0.20708667040271875,0.8857666731430057
0.8269388890084284,0.09178591229935669,0.20676546236664695,0.8857239436418383
0.8269048969141723,0.09148863190441911,0.2064437311626618,0.8856807893766174
0.8268710603948753,0.09119126995459664,0.206121483350659,0.8856372182157692
0.8268373798327214,0.09089382770343184,0.20579872343469793,0.8855932364972947
0.8268038557914517,0.0905963065409758,0.20547545449821297,0.8855488497705003
0.82677048856528,0.09029870763493228,0.205151681803448,0.8855040647318088
0.8267372783494376,0.09000103206700505,0.20482741143845312,0.8854588885361376
0.8267042256703105,0.0897032811729319,0.2045026468670569,0.8854133267747761
0.8266713307931747,0.08940545607504431,0.20417739367502755,0.8853673861659858
0.8266385941598811,0.08910755802690888,0.20385165605633596,0.8853210726070044
0.8266060159490202,0.08880958806862166,0.2035254403538762,0.8852743931101891
0.8265735964994151,0.08851154735837734,0.20319875164792828,0.8852273539540717
0.8265413364461662,0.0882134372775564,0.20287159264431104,0.8851799600005292
0.8265092357503079,0.08791525867734601,0.2025439715335839,0.8851322191364387
0.8264772951095002,0.08761701297211913,0.20221589055683337,0.8850841358599552
0.8264455145984242,0.0873187010885934,0.2018873570390791,0.8850357174482351
0.8264138945131206,0.08702032411741341,0.20155837653321992,0.88498697012502
0.8263824355546905,0.08672188345274394,0.20122895130624968,0.8849378982356787
0.8263511377014146,0.0864233799296538,0.20089908954987643,0.8848885093512142
0.8263200012729205,0.08612481463730547,0.20056879669283295,0.8848388094464466
0.8262890268079872,0.08582618882478035,0.2002380763845877,0.8847888034603862
0.8262582146965728,0.08552750362181108,0.1999069335111445,0.8847384969587646
0.8262275649754008,0.08522875988553986,0.19957537588739896,0.8846878970493325
0.8261970780028988,0.08492995870946905,0.19924340870284343,0.8846370093382395
0.8261667543089911,0.08463110130946484,0.19891103574547186,0.88458583861379
0.8261365940315295,0.08433218860221783,0.19857826406079027,0.8845343913782273
0.8261065975055543,0.08403322164578572,0.19824509908304289,0.8844826732770669
0.8260767650706908,0.08373420149585879,0.1979115462233295,0.8844306894989878
0.8260470970839751,0.08343512921528903,0.19757761076342242,0.8843784458858858
0.8260175936924876,0.08313600570645016,0.19724329974972166,0.8843259482549108
0.825988255365109,0.08283683210313338,0.19690861756143407,0.8842732016951161
0.8259590822104647,0.08253760926941946,0.19657357160023686,0.8842202123265923
0.8259300745232678,0.0822383382004526,0.19623816772950994,0.8841669856315307
0.8259012328090928,0.08193902003959037,0.195902410055578,0.8841135261271665
0.8258725571518198,0.08163965561861923,0.19556630623503743,0.8840598400194278
0.825844047947085,0.08134024599017815,0.19522986131901612,0.8840059321593164
0.8258157052280531,0.08104079194046866,0.19489308342372008,0.8839518089531077
0.8257875296761614,0.08074129471702532,0.19455597520811754,0.8838974738475959
0.8257595211835793,0.08044175499648396,0.19421854600607247,0.883842933752603
0.8257316800195077,0.08014217372077684,0.1938808019801917,0.8837881938565405
0.8257040067552991,0.07984255204200352,0.19354274673669042,0.8837332579519438
0.8256765013604084,0.0795428906802921,0.1932043889974457,0.8836781324303432
0.8256491641196161,0.07924319057473653,0.1928657348184813,0.8836228222468784
0.8256219953330479,0.07894345267074239,0.19252679013119636,0.8835673322343175
0.8255949952289702,0.07864367785877792,0.19218756148657107,0.8835116674803793
0.825568164081113,0.07834386705685105,0.19184805505390995,0.8834558328221953
0.8255415019681037,0.07804402104271298,0.19150827868010825,0.8833998338988008
0.8255150091826515,0.07774414073908399,0.19116823838572905,0.8833436753491678
0.8254886859606481,0.07744422702508492,0.1908279406829796,0.8832873620091843
0.8254625324995013,0.07714428074926785,0.190487392419784,0.8832308988268681
0.8254365490403968,0.07684430278638307,0.19014660007168105,0.8831742905029297
0.8254107356935996,0.07654429391760277,0.18980557124781874,0.8831175422502316
0.8253850926878546,0.07624425500139258,0.1894643125397409,0.883060658710216
0.8253596203264044,0.0759441869431046,0.18912282989476525,0.8830036441452063
0.8253343185765827,0.0756440904164603,0.18878113217425352,0.882946504215247
0.8253091875758992,0.07534396620715811,0.1884392267708691,0.8828892437833574
0.8252842278681316,0.07504381537083057,0.18809711754363642,0.8828318659019823
0.8252594391363122,0.07474363838149418,0.18775481584317819,0.882774377281625
0.8252348220097973,0.07444343634339272,0.18741232477605516,0.8827167804940934
0.8252103762856439,0.0741432098019931,0.1870696547099649,0.8826590816383142
0.8251861022031961,0.07384295959393501,0.18672681215227988,0.882601284739954
0.8251619999256643,0.07354268650205324,0.1863838042740194,0.88254339461669
0.8251380695670862,0.07324239127356483,0.1860406386764749,0.8824854151787024
0.8251143111686824,0.07294207460492465,0.1856973236004631,0.8824273518428605
0.8250907249843568,0.07264173732880352,0.185353865414598,0.8823692080594718
0.8250673110975771,0.07234138016348877,0.18501027198388287,0.8823109884679454
0.8250440695301057,0.07204100378443679,0.1846665517166356,0.8822526977810152
0.8250210004477252,0.0717406089575819,0.1843227117468769,0.8821943400118423
0.8249981039095187,0.07144019637713248,0.1839787601479954,0.8821359196557803
0.824975380005442,0.07113976675444038,0.18363470471671448,0.882077440917264
0.8249528287936452,0.07083932077785073,0.18329055352734674,0.882018908121377
0.824930450374229,0.0705388591597915,0.18294631427710362,0.88196032532595
0.8249082447524175,0.07023838254985186,0.18260199550202127,0.8819016969746727
0.8248862120092162,0.06993789164314214,0.1822576050582161,0.8818430270933597
0.8248643521706709,0.06963738709758233,0.18191315128611207,0.8817843198980566
0.8248426652737132,0.06933686957556433,0.18156864242273016,0.881725579484362
0.8248211513520417,0.06903633973506723,0.18122408672730111,0.8816668099185866
0.8247998105596398,0.06873579830653756,0.18087949137219342,0.8816080146812615
0.8247786425126756,0.06843524568445734,0.1805348683503064,0.881549199453904
0.8247576476205002,0.06813468275192201,0.18019022252332054,0.8814903665409489
0.8247368258089484,0.06783411009124746,0.179845563086681,0.881431520199095
0.8247161768890127,0.0675335282124947,0.17950090026610763,0.8813726651061161
0.8246957008681959,0.06723293774408497,0.17915624250871573,0.8813138050571108
0.8246753978316054,0.06693233935938339,0.17881159754937387,0.881254943456528
0.8246552677100168,0.06663173363605834,0.17846697450626137,0.881196084299774
0.8246353104365408,0.06633112115123191,0.17812238246820222,0.8811372315022237
0.8246155260782709,0.06603050256062437,0.1777778292963187,0.8810783883666454
0.8245959142100195,0.0657298782234034,0.17743332731447467,0.8810195601589955
0.8245764751972426,0.0654292489687299,0.17708888164674152,0.8809607488292832
0.8245572087121684,0.06512861521152649,0.17674450371208628,0.880901959117066
0.8245381146653484,0.06482797750647767,0.1764002027497278,0.8808431947167541
0.824519192988873,0.06452733641920426,0.17605598778969786,0.8807844591717336
0.8245004436064404,0.06422669250855387,0.17571186792426066,0.8807257559978859
0.824481866380698,0.06392604629606205,0.17536785279167508,0.8806670888978609
0.8244634611815315,0.06362539830589524,0.17502395195063822,0.8806084614805859
0.8244452278725116,0.06332474905698027,0.174680175004197,0.8805498773165766
0.8244271663075239,0.06302409906112791,0.17433653163011767,0.8804913399531292
0.8244092763307939,0.0627234488230595,0.17399303158096635,0.8804328529125219
0.8243915577769644,0.06242279884057451,0.17364968468238046,0.8803744196920669
0.8243740104861175,0.062122149613078506,0.17330650069486153,0.8803160437042414
0.8243566342490128,0.061821501610599516,0.17296348981890583,0.8802577284948816
0.8243394288775162,0.061520855313764965,0.17262066204427046,0.8801994774623427
0.8243223941723207,0.0612202111955256,0.17227802744814877,0.8801412939847069
0.8243055299292477,0.06091956972476185,0.171935596136175,0.8800831813965097
0.82428883575415,0.06061893126343533,0.1715933799619975,0.8800251437051532
0.8242723118342564,0.06031829649453107,0.17125138535859546,0.8799671826019206
0.8242559575078614,0.06001766563061976,0.17090962663537398,0.8799093030450679
0.8242397726116416,0.05971703915784581,0.17056811344984302,0.8798515078873582
0.8242237570387542,0.05941641759166979,0.1702268549107658,0.8797937998284588
0.8242079105285679,0.05911580136222097,0.1698858615409985,0.8797361819941181
0.8241922325933554,0.058815190775592455,0.16954514596942177,0.879678658425835
0.8241767230211066,0.05851458628593756,0.1692047182290675,0.8796212319554316
0.824161381379206,0.058213988227769395,0.16886459040021098,0.8795639062444166
0.8241462077601224,0.05791339721508109,0.16852476961627683,0.879506682824155
0.8241312012791724,0.057612813340491606,0.1681852721645362,0.8794495669945607
0.8241163620529869,0.05731223722676531,0.167846104904997,0.8793925600734955
0.8241016895165729,0.057011669135477866,0.1675072810853804,0.8793356659613067
0.8240871833825477,0.0567111094733087,0.16716881132061778,0.8792788874288748
0.8240728432645344,0.056410558594118,0.16683070713698692,0.8792222275639024
0.8240586687606617,0.05611001684283349,0.16649298018615968,0.8791656894478792
0.8240446595009792,0.05580948457997347,0.16615564179661066,0.8791092759679635
0.8240308150774719,0.05550896214550727,0.16581870363454576,0.8790529901067812
0.8240171350875076,0.055208449881236854,0.16548217729314446,0.8789968347517936
0.82400361913342,0.05490794813058166,0.16514607429486775,0.8789408127089113
0.8239902666373229,0.05460745714476469,0.1648104078519496,0.8788849274114997
0.8239770772566625,0.054306977293148255,0.1644751889181067,0.8788291813279597
0.8239640505591118,0.054006508898870376,0.16414042927551645,0.8787735772025719
0.8239511859707165,0.05370605221354907,0.16380614203217422,0.8787181182569211
0.8239384831131401,0.053405607585364834,0.16347233840763156,0.878662806900887
0.8239259414656128,0.05310517529098161,0.1631390309555503,0.8786076460282993
0.8239135604619158,0.052804755584099125,0.16280623263980082,0.8785526386348818
0.8239013396756057,0.05250434878606953,0.1624739550631984,0.8784977871235258
0.8238892785464189,0.05220395515212972,0.16214221108304255,0.8784430943408439
0.8238773765239165,0.05190357494156798,0.16181101343843501,0.878388563028988
0.8238656329610277,0.051603208366545146,0.16148037577036123,0.8783341962324313
0.8238540474806557,0.05130285576786777,0.1611503091017352,0.8782799959130982
0.8238426193821522,0.051002517331011944,0.16082082753704285,0.878225965187414
0.8238313481579651,0.050702193332521794,0.16049194329803654,0.8781721063816759
0.8238202331859087,0.05040188399395,0.16016366968273518,0.8781184221881579
0.8238092738290985,0.05010158952933074,0.15983602010451306,0.8780649152906788
0.8237984693641289,0.04980131011179423,0.15950900878607607,0.8780115886271999
0.8237878193580531,0.04950104604858119,0.15918264711676613,0.8779584439953616
0.8237773230900943,0.04920079751290865,0.15885694923849983,0.8779054841988134
0.8237669799272087,0.04890056471774156,0.15853192841694538,0.8778527116511552
0.823756789018148,0.04860034777586966,0.15820760000503792,0.8778001295080785
0.8237467498659374,0.048300146960465425,0.15788397589322115,0.8777477395540125
0.823736861920147,0.04799996251918467,0.15756106845743126,0.8776955437135087
0.8237271241442108,0.04769979448078838,0.15723889476817338,0.877643545629587
0.823717535925425,0.04739964306328858,0.15691746774962367,0.877591747325806
0.823708096600372,0.047099508461089165,0.15659680078808344,0.8775401509514905
0.8236988053529856,0.04679939080047428,0.15627690872634312,0.8774887591494888
0.8236896614341923,0.046499290236591495,0.15595780572537413,0.8774375742563744
0.8236806641957501,0.04619920696767008,0.15563950493100687,0.8773865981142027
0.823671812802596,0.045899141110004225,0.15532202128162542,0.8773358333983153
0.8236631064035788,0.045599092772449154,0.15500536984408642,0.8772852826317374
0.8236545441069124,0.045299062046029216,0.15468956605349074,0.8772349481590097
0.8236461253452134,0.044999049159095215,0.15437462213622055,0.8771848316686864
0.8236378491432631,0.04469905416615215,0.15406055428226345,0.8771349357387122
0.8236297147120238,0.04439907719964832,0.1537473768252771,0.8770852624745685
0.8236217211627546,0.04409911834951362,0.15343510504557528,0.8770358143137527
0.8236138676433292,0.043799177720236,0.15312375383206528,0.8769865931868096
0.8236061533030107,0.043499255416029635,0.15281333802785685,0.876937601444575
0.8235985771792511,0.04319935149453262,0.15250387354368128,0.8768888414651654
0.8235911385765333,0.04289946612138719,0.15219537362742702,0.8768403145059461
0.82358383627848,0.04259959925032327,0.15188785662728332,0.8767920239760512
0.823576669540946,0.04229975102494284,0.15158133620324396,0.87674397122356
0.8235696373884219,0.04199992149508516,0.15127582826374292,0.8766961585105537
0.8235627389102083,0.04170011073560348,0.1509713480434131,0.8766485878460294
0.8235559730269291,0.04140031875401547,0.15066791241214827,0.8766012616568942
0.8235493390637247,0.04110054571551383,0.15036553420105234,0.8765541809751091
0.8235428356354909,0.040800791507579474,0.1500642332409429,0.8765073492310814
0.8235364620522434,0.0405010562864772,0.14976402244183462,0.8764607673909552
0.8235302171867932,0.040201340038897415,0.1494649190124788,0.8764144378696143
0.8235241001984207,0.03990164286009826,0.14916693728347605,0.8763683620341756
0.8235181097986188,0.039601964674573574,0.14887009599805662,0.8763225427518408
0.8235122448981792,0.039302305481731935,0.14857441188724183,0.8762769821444208
0.8235065047482407,0.03900266540701105,0.14827989825923468,0.8762316810996132
0.8235008881216133,0.03870304439674652,0.14798657314548658,0.8761866421005545
0.8234953940689786,0.03840344249901502,0.14769445177515408,0.8761418666284467
0.823490021296433,0.03810385963480587,0.14740355277602327,0.8760973572851859
0.8234847688199893,0.037804295837137715,0.14711389165044006,0.8760531155584601
0.8234796355840331,0.03750475111182359,0.14682548457747316,0.8760091431321192
0.8234746203725248,0.03720522540623334,0.14653834930228565,0.8759654421824966
0.823469722095836,0.036905718711865716,0.1462525022706774,0.8759220144050257
0.8234649396186229,0.03660623100292169,0.1459679603488236,0.87587886159722
0.8234602717920569,0.0363067622478443,0.14568474050022698,0.8758359855554688
0.8234557173602545,0.03600731237693798,0.1454028607244418,0.8757933883844096
0.8234512753440797,0.035707881414831694,0.14512233620982612,0.875751071206053
0.8234469444762839,0.035408469286064725,0.14484318499500923,0.8757090360690669
0.8234427236828411,0.0351090759797403,0.14456542314183513,0.875667284322184
0.8234386115086382,0.034809701355497796,0.14428907050188264,0.8756258185427434
0.823434606911311,0.034510345410228786,0.1440141427431668,0.8755846398786479
0.8234307084948489,0.034211008022218235,0.1437406590503105,0.8755437506124637
0.8234269153189284,0.033911689218473894,0.14346863398530282,0.8755031514658234
0.8234232260105266,0.03361238888304296,0.14319808642538961,0.8754628445547132
0.8234196393173108,0.033313106938198174,0.14292903399477716,0.8754228315488554
0.8234161539845009,0.03301384330419246,0.14266149430386116,0.8753831140823268
0.8234127687706422,0.03271459790422226,0.14239548478957376,0.87534369370432
0.8234094824798482,0.03241537067440323,0.14213102238925154,0.875304571769395
0.8234062936403435,0.03211616146333747,0.14186812678704008,0.8752657505011991
0.8234032010659826,0.03181697020727546,0.14160681474349243,0.8752272311419625
0.8234002034624681,0.031517796807587616,0.14134710407203716,0.8751890152478544
0.823397299371947,0.03121864111470348,0.1410890142014323,0.8751511048726999
0.8233944877951368,0.03091950311610703,0.1408325598802946,0.875113500535555
0.8233917672400791,0.030620382649842084,0.14057776080313092,0.875076204326047
0.8233891365408711,0.0303212796494758,0.14032463332280928,0.8750392172364526
0.8233865940656597,0.030022193910260384,0.14007319847460853,0.8750025417321033
0.8233841386566622,0.029723125364596748,0.13982347244839705,0.8749661787096074
0.8233817688617695,0.029424073858195354,0.13957547437873566,0.874930129980763
0.8233794835184324,0.02912503931804147,0.1393292204201041,0.8748943963953847
0.82337728126611,0.028826021613048005,0.13908472869616692,0.8748589794091683
0.8233751604292906,0.0285270205228698,0.13884202049232797,0.8748238814529808
0.8233731200183594,0.028228036016307682,0.13860111008043938,0.874789102732199
0.8233711585652205,0.027929067928190856,0.13836201655601685,0.8747546449567497
0.8233692745772792,0.02763011608559055,0.13812475922475623,0.8747205098836275
0.8233674667319905,0.027331180360064898,0.1378893556203153,0.8746866986989346
0.8233657336569983,0.02703226060810847,0.13765582374255136,0.8746532127235553
0.8233640739216096,0.026733356669266156,0.13742418214467136,0.8746200534395779
0.8233624861759411,0.026434468402622865,0.13719444851494253,0.8745872220459051
0.8233609690556453,0.026135595661728732,0.13696664064744138,0.8745547197685075
0.823359521056173,0.025836738262734533,0.13674077772651375,0.8745225482490737
0.8233581410676912,0.025537896119788395,0.13651687486375072,0.8744907078720044
0.8233568273449613,0.025239068986181785,0.13629495361982025,0.8744592009936426
0.8233555785390348,0.02494025671245376,0.13607503146639344,0.8744280287114273
0.8233543935723149,0.02464145921311133,0.13585712305705033,0.8743971912555641
0.8233532706667627,0.024342676231269216,0.13564125016779174,0.874366691029865
0.8233522086031082,0.024043907642653194,0.13542742881722958,0.8743365286781997
0.8233512057679835,0.023745153227979706,0.13521567901610335,0.8743067060572269
0.8233502612193208,0.023446412922765964,0.13500601385780253,0.8742772229291795
0.8233493731009922,0.023147686449341346,0.1347984557581751,0.874248081876754
0.8233485400620277,0.022848973644652895,0.13459302191590675,0.8742192839079229
0.8233477610461151,0.022550274409441993,0.13438972646524647,0.8741908291127765
0.8233470341863444,0.0222515884623163,0.13418859181289472,0.8741627200735245
0.8233463585727209,0.02195291573059458,0.13398963050524207,0.8741349564194693
0.8233457323167495,0.02165425592728231,0.13379286509041938,0.8741075407847205
0.8233451545117025,0.02135560897415459,0.1335983079940522,0.8740804727829857
0.8233446232762293,0.02105697458491477,0.13340598161105316,0.8740537550121401
0.823344137679929,0.020758352670172467,0.13321589852290022,0.8740273871606388
0.8233436962192254,0.020459743019858166,0.13302807715947038,0.8740013706707463
0.8233432973050565,0.020161145405521396,0.13284253678952146,0.8739757072413021
0.8233429397937919,0.01986255968613792,0.13265929205780044,0.8739503972199678
0.8233426221926294,0.01956398564965992,0.13247836115976055,0.8739254420198284
0.82334234323484,0.019265423126343904,0.13229975992205065,0.8739008423714953
0.8233421015009007,0.018966871915263084,0.13212350570267736,0.8738765994753527
0.8233418956531392,0.018668331829307553,0.13194961497491836,0.8738527142943964
0.8233417244163526,0.018369802691031382,0.13177810352633673,0.8738291876083499
0.8233415866811269,0.018071284350918627,0.1316089853925996,0.8738060197143122
0.8233414805691248,0.01777277651966553,0.13144228249676457,0.873783213230553
0.8233414052616448,0.017474279094590903,0.13127800579209045,0.8737607676032872
0.823341359499007,0.01717579189285673,0.13111617073727522,0.8737386836201276
0.8233413412799006,0.016877314603932932,0.13095680040510413,0.8737169643053015
0.8233413502596938,0.01657884719508494,0.1307999007249164,0.8736956078126454
0.8233413845382004,0.01628038937251421,0.13064549364492642,0.8736746166135122
0.823341443265282,0.01598194101272619,0.13049359022733684,0.8736539907605173
0.8233415246422531,0.015683501838605805,0.13034421129302312,0.8736337325244918
0.8233416283367717,0.015385071801553556,0.13019736246682886,0.8736138399975303
0.8233417522321841,0.01508665057515827,0.1300530677759018,0.8735943166160579
0.823341895726607,0.01478823806199698,0.1299113355456038,0.8735751615863637
0.8233420571246548,0.014489833999816654,0.12977218536826032,0.8735563771592916
0.8233422356346537,0.014191438256955612,0.12963562744692717,0.8735379627322467
0.8233424299361585,0.013893050623816197,0.1295016774135795,0.8735199197376139
0.8233426389095426,0.013594670917624278,0.12937034878111833,0.8735022486359747
0.8233428614562269,0.01329629895669555,0.1292416548037086,0.873484950299089
0.8233430963662386,0.012997934542903999,0.12911560984714698,0.8734680255011058
0.823343342565052,0.012699577494498645,0.12899222683437142,0.8734514748757046
0.823343599381515,0.012401227678986012,0.12887151446704845,0.873435298061295
0.8233438652657206,0.012102884851973727,0.12875349051125998,0.8734194969303377
0.8233441390215662,0.011804548812563046,0.12863816902714123,0.8734040727271731
0.823344419967161,0.011506219419518484,0.1285255587039985,0.8733890250583749
0.8233447073510176,0.011207896520483304,0.12841566891008419,0.873374353665469
0.8233449996872432,0.010909579878431346,0.1283085165887055,0.8733600607319386
0.8233452962130756,0.010611269336001438,0.12820411114374494,0.8733461461999487
0.8233455958224589,0.01031296469713163,0.12810246549944718,0.8733326111297702
0.823345897832289,0.010014665808699186,0.12800358815119095,0.8733194553039264
0.8233462012429086,0.0097163724834322,0.1279074908382386,0.8733066795687566
0.8233465049839642,0.009418084526381843,0.12781418599412783,0.8732942849887149
0.8233468086282502,0.00911980180275284,0.1277236793354012,0.8732822708001226
0.8233471109350573,0.008821524100258049,0.12763598498389203,0.8732706386790908
0.8233474112512605,0.008523251259214687,0.12755111092089724,0.8732593886235902
0.8233477087948587,0.00822498310699268,0.12746906642507475,0.8732485210619452
0.8233480026707775,0.00792671946008937,0.12738986194681226,0.8732380365287081
0.8233482921786811,0.007628460151121583,0.12731350576499792,0.8732279358634659
0.8233485765760591,0.007330205007097502,0.127240006664199,0.8732182192728227
0.8233488555763457,0.007031953887945526,0.12716936861579872,0.8732088859739262
0.8233491278518603,0.0067337065772135815,0.12710160637013934,0.8731999382475953
0.8233493932672032,0.006435462941271816,0.1270367222470744,0.8731913749829033
0.8233496510084459,0.006137222799232584,0.1269747255788473,0.8731831970937993
0.8233499005324586,0.0058389859869896095,0.12691562284330715,0.8731754047673559
0.8233501408705107,0.005540752314404425,0.12685942490358287,0.8731679994820589
0.8233503719853554,0.005242521644408682,0.12680613289864287,0.8731609800868666
0.8233505933937584,0.004944293813154328,0.12675575256433083,0.8731543467810952
0.8233508040773144,0.0046460686293105435,0.12670829516334817,0.8731481013647776
0.8233510042871942,0.004347845962930214,0.12666375871479285,0.8731422420483321
0.8233511931770082,0.004049625631787619,0.12662215261383536,0.8731367702624035
0.8233513700098105,0.0037514074596299413,0.1265834850787008,0.8731316871865824
0.8233515350172859,0.00345319130801344,0.1265477542121152,0.873126991278191
0.8233516874475666,0.0031549770006164546,0.12651496830897557,0.8731226838884185
0.8233518274850262,0.0028567643925822813,0.1264851258849635,0.8731187637431354
0.8233519542742851,0.0025585533060015608,0.126458236234309,0.8731152326203394
0.8233520678493177,0.0022603435885495938,0.12643429935818593,0.8731120898124057
0.8233521681190036,0.0019621350832024834,0.1264133165207716,0.8731093350358976
0.8233522545881033,0.0016639276238466988,0.12639529315122983,0.8731069692368884
0.8233523262740847,0.00136572103729442,0.12638023971150278,0.8731049948272599
0.8233523846335693,0.0010675151885760797,0.1263681412405243,0.8731034072913119
0.8233524294836138,0.0007693099162857312,0.12635899979995088,0.8731022068877872
0.8233524573826141,0.0004711050327803316,0.12635285132402232,0.8731014032997798
